Name, Label, Predicted
10_0_0_20170110220033115.jpg,0,0
10_0_0_20170110220530650.jpg,0,0
10_0_0_20170110221811823.jpg,0,0
10_0_0_20170110224549512.jpg,0,0
10_0_0_20170110225417177.jpg,0,0
10_0_0_20170110225546130.jpg,0,0
10_1_0_20170109203438428.jpg,0,0
10_1_0_20170109204148144.jpg,0,0
10_1_0_20170109204844109.jpg,0,0
111_1_0_20170120134646399.jpg,0,0
11_0_0_20170103200509559.jpg,0,0
11_0_0_20170110224408700.jpg,0,0
11_1_0_20170109203327397.jpg,0,0
11_1_0_20170109204614249.jpg,0,0
11_1_0_20170109205216790.jpg,0,3
12_0_0_20170103201859385.jpg,0,2
12_0_0_20170110224843637.jpg,0,0
12_0_0_20170117145849076.jpg,0,0
12_1_0_20170103200742207.jpg,0,0
12_1_0_20170109200926532.jpg,0,0
12_1_0_20170109203606169.jpg,0,0
12_1_0_20170109204507030.jpg,0,0
12_1_0_20170109213526011.jpg,0,0
13_0_0_20170104012320089.jpg,0,0
13_0_0_20170110224801290.jpg,0,0
13_0_0_20170110232519225.jpg,0,0
13_1_0_20170109201615837.jpg,0,0
13_1_0_20170109204128684.jpg,0,0
13_1_0_20170109213526011.jpg,0,0
14_0_0_20170104012315465.jpg,0,0
14_0_0_20170110224528797.jpg,0,0
14_0_0_20170110232127519.jpg,0,0
14_0_0_20170116211955846.jpg,0,0
14_1_0_20170104005158239.jpg,0,0
14_1_0_20170109203405475.jpg,0,0
14_1_0_20170109204200483.jpg,0,0
14_1_0_20170109212651931.jpg,0,0
14_1_0_20170109214349442.jpg,0,0
15_0_0_20170104011743800.jpg,0,0
15_0_0_20170110224312647.jpg,0,0
15_0_0_20170110232322390.jpg,0,0
15_0_0_20170110232640357.jpg,0,0
15_0_0_20170116201248395.jpg,0,0
15_1_0_20170104013418578.jpg,0,0
15_1_0_20170109204314585.jpg,0,0
15_1_0_20170109213613605.jpg,0,0
15_1_0_20170109214412116.jpg,0,0
16_0_0_20170103201044224.jpg,0,0
16_0_0_20170110225708208.jpg,0,0
16_0_0_20170110231526097.jpg,0,0
16_0_0_20170110231645188.jpg,0,0
16_0_0_20170110231736665.jpg,0,0
16_0_0_20170110231904662.jpg,0,0
16_0_0_20170110232040957.jpg,0,0
16_0_0_20170110232245640.jpg,0,0
16_0_0_20170110232432328.jpg,0,0
16_0_0_20170110232724382.jpg,0,0
16_0_0_20170117134536197.jpg,0,0
16_1_0_20170102234708483.jpg,0,0
16_1_0_20170104013358122.jpg,0,0
16_1_0_20170109204530608.jpg,0,0
16_1_0_20170109212959831.jpg,0,0
16_1_0_20170109213604149.jpg,0,0
16_1_0_20170109214402325.jpg,0,0
16_1_0_20170109214719630.jpg,0,0
17_0_0_20170105183607439.jpg,0,0
17_0_0_20170110231748137.jpg,0,0
17_0_0_20170110232438939.jpg,0,0
17_0_0_20170117134955265.jpg,0,0
17_1_0_20170103163207606.jpg,0,0
17_1_0_20170109204406514.jpg,0,0
17_1_0_20170109213929449.jpg,0,0
17_1_0_20170109214703699.jpg,0,0
18_0_0_20170110231644037.jpg,0,0
18_0_0_20170110232448997.jpg,0,0
18_0_0_20170117140723690.jpg,0,0
18_1_0_20170103201359471.jpg,0,4
18_1_0_20170109212536049.jpg,0,0
18_1_0_20170109212849263.jpg,0,0
18_1_0_20170109213011914.jpg,0,0
18_1_0_20170109213149718.jpg,0,0
18_1_0_20170109213911368.jpg,0,0
18_1_0_20170109214044181.jpg,0,0
18_1_0_20170109214241069.jpg,0,0
18_1_0_20170109214527742.jpg,0,0
18_1_0_20170109214726739.jpg,0,0
18_1_0_20170117140252214.jpg,0,0
19_0_0_20170105184049223.jpg,0,4
19_0_0_20170120133526566.jpg,0,0
19_1_0_20170103162951552.jpg,0,0
19_1_0_20170105184107718.jpg,0,0
19_1_0_20170116163837603.jpg,0,0
1_0_0_20161219162630727.jpg,0,0
1_0_0_20161219194004596.jpg,0,0
1_0_0_20161219204512212.jpg,0,0
1_0_0_20161219212409141.jpg,0,0
1_0_0_20170103210415090.jpg,0,0
1_0_0_20170109192819417.jpg,0,0
1_0_0_20170109193841675.jpg,0,0
1_0_0_20170110211517802.jpg,0,2
1_0_0_20170110212624891.jpg,0,0
1_0_0_20170110212759695.jpg,0,2
1_0_0_20170110213042127.jpg,0,0
1_0_0_20170110213223460.jpg,0,0
1_0_0_20170110213517302.jpg,0,0
1_1_0_20161219202919508.jpg,0,0
1_1_0_20161219205534526.jpg,0,0
1_1_0_20161220220141090.jpg,0,4
1_1_0_20170109190535640.jpg,0,0
1_1_0_20170109190818115.jpg,0,0
1_1_0_20170109190939585.jpg,0,0
1_1_0_20170109191156705.jpg,0,0
1_1_0_20170109191440780.jpg,0,0
1_1_0_20170109192015845.jpg,0,0
1_1_0_20170109192752097.jpg,0,0
1_1_0_20170109193401456.jpg,0,0
1_1_0_20170109194038813.jpg,0,0
1_1_0_20170109194256082.jpg,0,0
1_1_0_20170110212647258.jpg,0,0
20_0_0_20170105184038831.jpg,0,0
20_0_0_20170116201311689.jpg,0,0
20_0_0_20170117134042772.jpg,0,0
20_0_0_20170117140705537.jpg,0,2
20_1_0_20170103175525991.jpg,0,0
20_1_0_20170105000707730.jpg,0,0
20_1_0_20170109213459975.jpg,0,0
20_1_0_20170116205845438.jpg,0,0
20_1_0_20170117141220570.jpg,0,4
20_1_0_20170117192932485.jpg,0,0
21_0_0_20170104020830476.jpg,0,0
21_0_0_20170116201127126.jpg,0,0
21_0_0_20170117141823641.jpg,0,0
21_1_0_20170104020509980.jpg,0,0
21_1_0_20170109213908912.jpg,0,0
21_1_0_20170116214441148.jpg,0,2
21_1_0_20170117142326768.jpg,0,3
21_1_0_20170117193748045.jpg,0,0
22_0_0_20170103234830581.jpg,0,0
22_0_0_20170108224621224.jpg,0,0
22_0_0_20170116220518146.jpg,0,0
22_0_0_20170117140942783.jpg,0,0
22_0_0_20170119151204830.jpg,0,0
22_1_0_20170105183534558.jpg,0,0
22_1_0_20170112233750014.jpg,0,0
22_1_0_20170116220934918.jpg,0,0
22_1_0_20170117171049498.jpg,0,0
23_0_0_20170116220953152.jpg,0,0
23_0_0_20170117144517953.jpg,0,0
23_0_0_20170117144706803.jpg,0,0
23_1_0_20170103180518664.jpg,0,0
23_1_0_20170105002627948.jpg,0,0
23_1_0_20170112234313416.jpg,0,0
23_1_0_20170116221809969.jpg,0,0
23_1_0_20170116221829199.jpg,0,0
23_1_0_20170117144825371.jpg,0,0
23_1_0_20170117145123986.jpg,0,0
24_0_0_20170104165239658.jpg,0,0
24_0_0_20170114024859274.jpg,0,0
24_0_0_20170116215532270.jpg,0,0
24_0_0_20170117140958984.jpg,0,0
24_0_0_20170117150001859.jpg,0,2
24_0_0_20170117150146771.jpg,0,0
24_0_0_20170119152257171.jpg,0,3
24_1_0_20170103180549431.jpg,0,0
24_1_0_20170104021527253.jpg,0,0
24_1_0_20170105162704533.jpg,0,0
24_1_0_20170109214739809.jpg,0,0
24_1_0_20170116172723427.jpg,0,0
24_1_0_20170116214224254.jpg,0,0
24_1_0_20170116220210491.jpg,0,0
24_1_0_20170116222759439.jpg,0,0
24_1_0_20170117145431948.jpg,0,3
24_1_0_20170117150515251.jpg,0,3
24_1_0_20170117150815148.jpg,0,0
24_1_0_20170117194528243.jpg,0,0
24_1_0_20170117194952853.jpg,0,0
25_0_0_20170110231839623.jpg,0,0
25_0_0_20170114030416988.jpg,0,0
25_0_0_20170116213450000.jpg,0,3
25_0_0_20170116222936983.jpg,0,0
25_0_0_20170117135059549.jpg,0,0
25_0_0_20170117142023338.jpg,0,0
25_0_0_20170117143546538.jpg,0,0
25_0_0_20170117153733428.jpg,0,0
25_0_0_20170117193028403.jpg,0,0
25_0_0_20170119171141465.jpg,0,4
25_1_0_20170103175643807.jpg,0,0
25_1_0_20170104021710995.jpg,0,0
25_1_0_20170105183547063.jpg,0,0
25_1_0_20170113005444622.jpg,0,1
25_1_0_20170116201835487.jpg,0,0
25_1_0_20170116220927378.jpg,0,0
25_1_0_20170116223905448.jpg,0,0
25_1_0_20170117140418545.jpg,0,0
25_1_0_20170117142737553.jpg,0,0
25_1_0_20170117145120563.jpg,0,0
25_1_0_20170117182558966.jpg,0,0
25_1_0_20170117195339173.jpg,0,4
25_1_0_20170119172033312.jpg,0,3
26_0_0_20170103235457445.jpg,0,1
26_0_0_20170104230456289.jpg,0,0
26_0_0_20170113134718713.jpg,0,0
26_0_0_20170113210126194.jpg,0,0
26_0_0_20170113210127209.jpg,0,1
26_0_0_20170113210127510.jpg,0,0
26_0_0_20170113210604814.jpg,0,0
26_0_0_20170116152556326.jpg,0,0
26_0_0_20170116193141738.jpg,0,0
26_0_0_20170116205259187.jpg,0,0
26_0_0_20170116224830372.jpg,0,0
26_0_0_20170116233047853.jpg,0,0
26_0_0_20170117091143436.jpg,0,0
26_0_0_20170117144704233.jpg,0,0
26_0_0_20170117154314150.jpg,0,0
26_0_0_20170117171714931.jpg,0,4
26_0_0_20170117172106787.jpg,0,0
26_0_0_20170117172613381.jpg,0,0
26_0_0_20170117172830773.jpg,0,1
26_0_0_20170117173437732.jpg,0,4
26_0_0_20170117195452420.jpg,0,0
26_0_0_20170117195919229.jpg,0,0
26_0_0_20170117200723805.jpg,0,0
26_0_0_20170119180138027.jpg,0,0
26_0_0_20170120134052839.jpg,0,2
26_1_0_20170103181710200.jpg,0,0
26_1_0_20170103224921463.jpg,0,0
26_1_0_20170104235427939.jpg,0,0
26_1_0_20170109002602686.jpg,0,0
26_1_0_20170112235918563.jpg,0,4
26_1_0_20170113210604325.jpg,0,0
26_1_0_20170116164911648.jpg,0,1
26_1_0_20170116183936414.jpg,0,0
26_1_0_20170116184837899.jpg,0,0
26_1_0_20170116225127693.jpg,0,0
26_1_0_20170116234828566.jpg,0,4
26_1_0_20170117003218198.jpg,0,0
26_1_0_20170117091325822.jpg,0,0
26_1_0_20170117094755094.jpg,0,4
26_1_0_20170117152703723.jpg,0,3
26_1_0_20170117154814509.jpg,0,0
26_1_0_20170117171418571.jpg,0,0
26_1_0_20170117173648397.jpg,0,0
26_1_0_20170117174534054.jpg,0,0
26_1_0_20170117174906552.jpg,0,0
26_1_0_20170117175343265.jpg,0,0
26_1_0_20170117200657181.jpg,0,0
26_1_0_20170117201551622.jpg,0,0
26_1_0_20170117201918694.jpg,0,0
26_1_0_20170119211348122.jpg,0,0
27_0_0_20170102233441859.jpg,0,0
27_0_0_20170105164547923.jpg,0,0
27_0_0_20170116194225517.jpg,0,0
27_0_0_20170116205304488.jpg,0,0
27_0_0_20170117010719987.jpg,0,0
27_0_0_20170117114918781.jpg,0,0
27_0_0_20170117175349504.jpg,0,0
27_0_0_20170117175803620.jpg,0,0
27_0_0_20170117202125551.jpg,0,0
27_1_0_20170103182420963.jpg,0,0
27_1_0_20170105162221371.jpg,0,0
27_1_0_20170114030815179.jpg,0,0
27_1_0_20170116220508113.jpg,0,0
27_1_0_20170117120620652.jpg,0,4
27_1_0_20170117144846034.jpg,0,0
27_1_0_20170117180028028.jpg,0,0
28_0_0_20170104202019890.jpg,0,0
28_0_0_20170113132725104.jpg,0,0
28_0_0_20170114030805385.jpg,0,0
28_0_0_20170116194200664.jpg,0,0
28_0_0_20170116220611954.jpg,0,0
28_0_0_20170117021400330.jpg,0,0
28_0_0_20170117121808358.jpg,0,0
28_0_0_20170117180135357.jpg,0,0
28_0_0_20170117180427607.jpg,0,0
28_0_0_20170117180529832.jpg,0,0
28_0_0_20170117180620153.jpg,0,3
28_0_0_20170117202432502.jpg,0,4
28_0_0_20170120133921719.jpg,0,4
28_1_0_20170103180926608.jpg,0,0
28_1_0_20170104165123368.jpg,0,0
28_1_0_20170105162552899.jpg,0,0
28_1_0_20170109141748286.jpg,0,2
28_1_0_20170116000534759.jpg,0,0
28_1_0_20170116205749382.jpg,0,3
28_1_0_20170116221705370.jpg,0,0
28_1_0_20170117021234085.jpg,0,0
28_1_0_20170117122005148.jpg,0,0
28_1_0_20170117174702574.jpg,0,0
28_1_0_20170117180714552.jpg,0,0
28_1_0_20170117202555320.jpg,0,1
29_0_0_20170103181910385.jpg,0,0
29_0_0_20170104184656046.jpg,0,0
29_0_0_20170104235501676.jpg,0,0
29_0_0_20170114032035047.jpg,0,0
29_0_0_20170116214300022.jpg,0,4
29_0_0_20170117094526002.jpg,0,3
29_0_0_20170117122016549.jpg,0,0
29_0_0_20170117180839466.jpg,0,0
29_0_0_20170117180942324.jpg,0,0
29_1_0_20170103163726008.jpg,0,0
29_1_0_20170103181717184.jpg,0,0
29_1_0_20170104021759835.jpg,0,0
29_1_0_20170104172655682.jpg,0,0
29_1_0_20170109010152767.jpg,0,3
29_1_0_20170114030939325.jpg,0,0
29_1_0_20170116213445105.jpg,0,0
29_1_0_20170117130627761.jpg,0,0
29_1_0_20170117181004953.jpg,0,0
2_0_0_20161219160731126.jpg,0,0
2_0_0_20170103202801736.jpg,0,0
2_0_0_20170109194439365.jpg,0,0
2_0_0_20170110212852343.jpg,0,0
2_0_0_20170110213227212.jpg,0,0
2_0_0_20170110225218837.jpg,0,0
2_1_0_20161219211753710.jpg,0,0
2_1_0_20170109191548450.jpg,0,0
2_1_0_20170109193339281.jpg,0,0
2_1_0_20170109194426114.jpg,0,0
30_0_0_20170103181149464.jpg,0,0
30_0_0_20170104202024970.jpg,0,0
30_0_0_20170113195424859.jpg,0,0
30_0_0_20170116221914812.jpg,0,0
30_0_0_20170117003412499.jpg,0,0
30_0_0_20170117130615780.jpg,0,0
30_0_0_20170117130654291.jpg,0,0
30_0_0_20170117135807720.jpg,0,0
30_0_0_20170117142934426.jpg,0,0
30_0_0_20170117144027577.jpg,0,0
30_0_0_20170117151826355.jpg,0,0
30_0_0_20170117172014219.jpg,0,0
30_0_0_20170117181257163.jpg,0,0
30_0_0_20170119145340944.jpg,0,3
30_0_0_20170120220656642.jpg,0,0
30_1_0_20170103182254417.jpg,0,0
30_1_0_20170104185111694.jpg,0,0
30_1_0_20170109012211696.jpg,0,0
30_1_0_20170116220635092.jpg,0,0
30_1_0_20170117092621461.jpg,0,0
30_1_0_20170117131055904.jpg,0,0
30_1_0_20170117135302551.jpg,0,0
30_1_0_20170117141313938.jpg,0,0
30_1_0_20170117144955746.jpg,0,0
30_1_0_20170117150931275.jpg,0,0
30_1_0_20170117170425322.jpg,0,0
30_1_0_20170117181332132.jpg,0,0
30_1_0_20170117183633526.jpg,0,4
31_0_0_20170104204310315.jpg,0,0
31_0_0_20170113182014086.jpg,0,4
31_0_0_20170116210515941.jpg,0,1
31_0_0_20170117153916924.jpg,0,3
31_0_0_20170117203031305.jpg,0,0
31_1_0_20170103181436000.jpg,0,0
31_1_0_20170104181343268.jpg,0,0
31_1_0_20170116232936514.jpg,0,0
31_1_0_20170117133435466.jpg,0,0
31_1_0_20170119200057620.jpg,0,4
32_0_0_20170104200937337.jpg,0,0
32_0_0_20170105171757165.jpg,0,0
32_0_0_20170113183159286.jpg,0,0
32_0_0_20170116192543457.jpg,0,0
32_0_0_20170116224633761.jpg,0,0
32_0_0_20170117091009872.jpg,0,0
32_0_0_20170117122038021.jpg,0,0
32_0_0_20170117133449807.jpg,0,0
32_0_0_20170117134727342.jpg,0,0
32_0_0_20170117173203012.jpg,0,0
32_0_0_20170117182423470.jpg,0,0
32_1_0_20170103182600698.jpg,0,0
32_1_0_20170104172647281.jpg,0,0
32_1_0_20170105162521931.jpg,0,0
32_1_0_20170109140418625.jpg,0,3
32_1_0_20170113010345079.jpg,0,2
32_1_0_20170116214615260.jpg,0,0
32_1_0_20170117022346459.jpg,0,1
32_1_0_20170117134737646.jpg,0,0
32_1_0_20170117134816396.jpg,0,0
32_1_0_20170117160432855.jpg,0,0
32_1_0_20170117182511453.jpg,0,0
32_1_0_20170120220848324.jpg,0,0
33_0_0_20170104192751495.jpg,0,0
33_0_0_20170117134828796.jpg,0,0
33_0_0_20170120225727019.jpg,0,0
33_1_0_20170103182622241.jpg,0,0
33_1_0_20170105183847334.jpg,0,0
33_1_0_20170117174457343.jpg,0,3
34_0_0_20170104181316780.jpg,0,0
34_0_0_20170109001224685.jpg,0,0
34_0_0_20170116193401057.jpg,0,2
34_0_0_20170117120553243.jpg,0,0
34_0_0_20170117134906182.jpg,0,2
34_0_0_20170117134919534.jpg,0,0
34_0_0_20170117182629797.jpg,0,0
34_0_0_20170117191037767.jpg,0,0
34_1_0_20170103163016663.jpg,0,0
34_1_0_20170103183211424.jpg,0,0
34_1_0_20170105172420589.jpg,0,0
34_1_0_20170115235719543.jpg,0,1
34_1_0_20170117134932847.jpg,0,0
34_1_0_20170119151149436.jpg,0,0
35_0_0_20170103182703466.jpg,0,0
35_0_0_20170104201512505.jpg,0,0
35_0_0_20170105163947659.jpg,0,0
35_0_0_20170109002742991.jpg,0,0
35_0_0_20170116174756926.jpg,0,0
35_0_0_20170116204131804.jpg,0,0
35_0_0_20170116232953930.jpg,0,0
35_0_0_20170117120013930.jpg,0,0
35_0_0_20170117130045470.jpg,0,0
35_0_0_20170117134937660.jpg,0,0
35_0_0_20170117135011230.jpg,0,0
35_0_0_20170117140509709.jpg,0,0
35_0_0_20170117150114482.jpg,0,0
35_0_0_20170117152248499.jpg,0,0
35_0_0_20170117170852134.jpg,0,0
35_0_0_20170117172908485.jpg,0,0
35_0_0_20170117180339845.jpg,0,0
35_0_0_20170117182859549.jpg,0,0
35_0_0_20170117190124521.jpg,0,3
35_0_0_20170117191728610.jpg,0,0
35_0_0_20170117203240562.jpg,0,0
35_0_0_20170119201459165.jpg,0,3
35_0_0_20170120222647529.jpg,0,0
35_1_0_20170103180640112.jpg,0,0
35_1_0_20170103182746666.jpg,0,0
35_1_0_20170104181325301.jpg,0,0
35_1_0_20170105173525804.jpg,0,0
35_1_0_20170116201420399.jpg,0,0
35_1_0_20170116222737439.jpg,0,0
35_1_0_20170117092205487.jpg,0,0
35_1_0_20170117135254967.jpg,0,0
35_1_0_20170117144916091.jpg,0,2
35_1_0_20170117170314803.jpg,0,0
35_1_0_20170117175131343.jpg,0,0
35_1_0_20170117183059886.jpg,0,0
35_1_0_20170117191336914.jpg,0,0
35_1_0_20170117203256352.jpg,0,0
35_1_0_20170120225310113.jpg,0,0
36_0_0_20170104173002256.jpg,0,0
36_0_0_20170104204301875.jpg,0,0
36_0_0_20170108225341913.jpg,0,0
36_0_0_20170113184113374.jpg,0,0
36_0_0_20170117090959247.jpg,0,0
36_0_0_20170117135559253.jpg,0,0
36_0_0_20170117163541966.jpg,0,0
36_0_0_20170117183111094.jpg,0,0
36_0_0_20170117183307375.jpg,0,0
36_0_0_20170119180123410.jpg,0,0
36_1_0_20170103183128874.jpg,0,0
36_1_0_20170105001300131.jpg,0,0
36_1_0_20170108224009217.jpg,0,0
36_1_0_20170113005733903.jpg,0,0
36_1_0_20170117091600475.jpg,0,0
36_1_0_20170117135900421.jpg,0,0
36_1_0_20170119192652946.jpg,0,3
37_0_0_20170104170051521.jpg,0,0
37_0_0_20170104205628245.jpg,0,0
37_0_0_20170109001555863.jpg,0,0
37_0_0_20170116185003477.jpg,0,0
37_0_0_20170117135927074.jpg,0,0
37_0_0_20170117140720825.jpg,0,0
37_0_0_20170119202217510.jpg,0,4
37_1_0_20170103183009635.jpg,0,0
37_1_0_20170104194539720.jpg,0,0
37_1_0_20170109134008515.jpg,0,0
37_1_0_20170117140054979.jpg,0,0
37_1_0_20170117184728225.jpg,0,0
38_0_0_20170104184023164.jpg,0,0
38_0_0_20170105172811910.jpg,0,3
38_0_0_20170116192041983.jpg,0,0
38_0_0_20170117120142691.jpg,0,0
38_0_0_20170117133153508.jpg,0,0
38_0_0_20170117175858084.jpg,0,0
38_1_0_20170103183311778.jpg,0,0
38_1_0_20170104200929513.jpg,0,0
38_1_0_20170108230255020.jpg,0,0
38_1_0_20170117092650329.jpg,0,0
38_1_0_20170117154132795.jpg,0,2
39_0_0_20170104174019973.jpg,0,2
39_0_0_20170104184941845.jpg,0,0
39_0_0_20170104204646508.jpg,0,0
39_0_0_20170105165203483.jpg,0,0
39_0_0_20170111181750371.jpg,0,0
39_0_0_20170117121745777.jpg,0,0
39_0_0_20170117165645001.jpg,0,0
39_1_0_20170103182037472.jpg,0,0
39_1_0_20170104002227438.jpg,0,0
39_1_0_20170104235806251.jpg,0,0
39_1_0_20170105172637013.jpg,0,0
39_1_0_20170111182452865.jpg,0,0
39_1_0_20170117175641921.jpg,0,0
3_0_0_20170109192415151.jpg,0,0
3_0_0_20170110212724938.jpg,0,0
3_0_0_20170110213041017.jpg,0,0
3_0_0_20170110213746269.jpg,0,0
3_1_0_20161219225130536.jpg,0,0
3_1_0_20170109190525069.jpg,0,0
3_1_0_20170109191344231.jpg,0,0
3_1_0_20170109191833465.jpg,0,0
3_1_0_20170109192750346.jpg,0,0
3_1_0_20170109193421750.jpg,0,0
3_1_0_20170109194250272.jpg,0,0
40_0_0_20170104170254385.jpg,0,0
40_0_0_20170104204711073.jpg,0,0
40_0_0_20170105172617405.jpg,0,0
40_0_0_20170113210126285.jpg,0,1
40_0_0_20170116212308931.jpg,0,0
40_0_0_20170116223913133.jpg,0,0
40_0_0_20170116232933985.jpg,0,0
40_0_0_20170117120418754.jpg,0,0
40_0_0_20170117133805950.jpg,0,3
40_0_0_20170117135204149.jpg,0,0
40_0_0_20170117141444172.jpg,0,0
40_0_0_20170117152243349.jpg,0,0
40_0_0_20170117154522422.jpg,0,0
40_0_0_20170117170711073.jpg,0,0
40_0_0_20170117175319946.jpg,0,0
40_0_0_20170117182850349.jpg,0,0
40_0_0_20170117191037435.jpg,0,0
40_0_0_20170120220358609.jpg,0,0
40_0_0_20170120223924629.jpg,0,0
40_1_0_20170104172936762.jpg,0,0
40_1_0_20170105164202500.jpg,0,0
40_1_0_20170111182452872.jpg,0,0
40_1_0_20170116224841122.jpg,0,0
40_1_0_20170117091853557.jpg,0,0
40_1_0_20170117135413979.jpg,0,0
40_1_0_20170117154628772.jpg,0,0
40_1_0_20170117174753056.jpg,0,0
40_1_0_20170120133632861.jpg,0,0
41_0_0_20170109012220690.jpg,0,0
41_0_0_20170117133145780.jpg,0,0
41_0_0_20170117171015249.jpg,0,0
41_1_0_20170104201435202.jpg,0,0
41_1_0_20170109141200997.jpg,0,0
42_0_0_20170104172830274.jpg,0,3
42_0_0_20170104205834299.jpg,0,0
42_0_0_20170109004710455.jpg,0,0
42_0_0_20170113184108638.jpg,0,0
42_0_0_20170117133711767.jpg,0,0
42_0_0_20170117154743159.jpg,0,0
42_0_0_20170117154809285.jpg,0,0
42_0_0_20170117185725872.jpg,0,0
42_0_0_20170119204427263.jpg,0,0
42_1_0_20170103184125771.jpg,0,0
42_1_0_20170109004749442.jpg,0,0
42_1_0_20170112235933106.jpg,0,0
42_1_0_20170117154914871.jpg,0,0
43_0_0_20170104205149195.jpg,0,0
43_0_0_20170109002737188.jpg,0,0
43_0_0_20170117142951181.jpg,0,0
43_0_0_20170117171818356.jpg,0,0
43_0_0_20170119163824508.jpg,0,3
43_1_0_20170103183352530.jpg,0,0
43_1_0_20170109010025945.jpg,0,0
43_1_0_20170117185939842.jpg,0,0
44_0_0_20170109002148152.jpg,0,0
44_0_0_20170120140310249.jpg,0,0
44_1_0_20170109013358609.jpg,0,0
45_0_0_20170104202521936.jpg,0,0
45_0_0_20170105184113903.jpg,0,0
45_0_0_20170113190343889.jpg,0,3
45_0_0_20170116232936514.jpg,0,0
45_0_0_20170117135112380.jpg,0,0
45_0_0_20170117152339171.jpg,0,0
45_0_0_20170117170513474.jpg,0,0
45_0_0_20170117173032588.jpg,0,0
45_0_0_20170117182036284.jpg,0,0
45_0_0_20170117183618006.jpg,0,0
45_0_0_20170117191915121.jpg,0,2
45_0_0_20170119195628780.jpg,0,0
45_0_0_20170120220558289.jpg,0,0
45_0_0_20170120221844935.jpg,0,0
45_1_0_20170103183543298.jpg,0,0
45_1_0_20170105173027237.jpg,0,0
45_1_0_20170110140908362.jpg,0,0
45_1_0_20170117135009283.jpg,0,0
45_1_0_20170117172231634.jpg,0,0
45_1_0_20170117191302524.jpg,0,0
46_0_0_20170104204638611.jpg,0,0
46_0_0_20170105173017060.jpg,0,0
46_0_0_20170117135809096.jpg,0,0
46_1_0_20170104235642515.jpg,0,0
46_1_0_20170110143242639.jpg,0,0
47_0_0_20170103183440186.jpg,0,0
47_0_0_20170104211618372.jpg,0,0
47_0_0_20170105173138581.jpg,0,0
47_0_0_20170109012454632.jpg,0,0
47_0_0_20170116205608766.jpg,0,0
47_0_0_20170117160014001.jpg,0,0
47_0_0_20170119145412957.jpg,0,0
47_1_0_20170104184430669.jpg,0,0
47_1_0_20170109220729248.jpg,0,0
47_1_0_20170117160425905.jpg,0,0
48_0_0_20170104184737717.jpg,0,0
48_0_0_20170105172432012.jpg,0,0
48_0_0_20170113181243230.jpg,0,0
48_0_0_20170117013722003.jpg,0,0
48_0_0_20170117160506440.jpg,0,0
48_0_0_20170120222650520.jpg,0,0
48_1_0_20170109010620232.jpg,0,0
48_1_0_20170110152853674.jpg,0,0
48_1_0_20170119201528627.jpg,0,0
49_0_0_20170104185843894.jpg,0,0
49_0_0_20170104212309140.jpg,0,0
49_0_0_20170112222149209.jpg,0,2
49_0_0_20170117190513467.jpg,0,0
49_1_0_20170104185000777.jpg,0,0
49_1_0_20170104235723082.jpg,0,0
49_1_0_20170109220421978.jpg,0,0
49_1_0_20170110141243521.jpg,0,0
4_0_0_20170109191251137.jpg,0,3
4_0_0_20170110212844605.jpg,0,0
4_0_0_20170110213325187.jpg,0,0
4_0_0_20170110213539347.jpg,0,0
4_0_0_20170110224817102.jpg,0,0
4_1_0_20161219225102680.jpg,0,4
4_1_0_20170109190928456.jpg,0,0
4_1_0_20170109192308345.jpg,0,0
4_1_0_20170109193102653.jpg,0,0
4_1_0_20170109194222722.jpg,0,0
4_1_0_20170116215618294.jpg,0,0
50_0_0_20170104184249918.jpg,0,0
50_0_0_20170104212118221.jpg,0,0
50_0_0_20170109012046787.jpg,0,0
50_0_0_20170111181750464.jpg,0,0
50_0_0_20170113184545256.jpg,0,0
50_0_0_20170116232754247.jpg,0,3
50_0_0_20170117120742302.jpg,0,0
50_0_0_20170117135739223.jpg,0,0
50_0_0_20170117160612319.jpg,0,0
50_0_0_20170117172638411.jpg,0,1
50_0_0_20170117204826505.jpg,0,0
50_0_0_20170120221659635.jpg,0,0
50_0_0_20170120222751913.jpg,0,0
50_1_0_20170103183624314.jpg,0,0
50_1_0_20170109012137723.jpg,0,0
50_1_0_20170110143350447.jpg,0,0
50_1_0_20170111182452949.jpg,0,0
50_1_0_20170117135347887.jpg,0,0
50_1_0_20170117174644414.jpg,0,0
50_1_0_20170120225451760.jpg,0,0
51_0_0_20170107212023866.jpg,0,3
51_0_0_20170111171747335.jpg,0,0
51_0_0_20170117130112885.jpg,0,0
51_0_0_20170117160806351.jpg,0,0
51_0_0_20170117190822714.jpg,0,0
51_1_0_20170110123256915.jpg,0,0
51_1_0_20170117173726343.jpg,0,0
52_0_0_20170103183604970.jpg,0,0
52_0_0_20170104210032733.jpg,0,0
52_0_0_20170104212243804.jpg,0,0
52_0_0_20170105173134925.jpg,0,0
52_0_0_20170111171747376.jpg,0,0
52_0_0_20170111200615194.jpg,0,0
52_0_0_20170113183752750.jpg,0,3
52_0_0_20170117154814549.jpg,0,0
52_0_0_20170117161039222.jpg,0,0
52_0_0_20170120222910474.jpg,0,0
52_1_0_20170104002309261.jpg,0,0
52_1_0_20170105184031767.jpg,0,0
52_1_0_20170109221054399.jpg,0,0
52_1_0_20170110143721250.jpg,0,0
52_1_0_20170119202531405.jpg,0,0
53_0_0_20170104184558814.jpg,0,0
53_0_0_20170104212348773.jpg,0,0
53_0_0_20170109002933938.jpg,0,0
53_0_0_20170109012812390.jpg,0,0
53_0_0_20170111195944280.jpg,0,0
53_0_0_20170111202320442.jpg,0,0
53_0_0_20170117161103166.jpg,0,0
53_0_0_20170117163717545.jpg,0,0
53_0_0_20170120223125364.jpg,0,0
53_1_0_20170105163430701.jpg,0,0
53_1_0_20170109220736654.jpg,0,0
53_1_0_20170110122634608.jpg,0,0
53_1_0_20170110141608191.jpg,0,0
53_1_0_20170110160643204.jpg,0,0
53_1_0_20170116201116129.jpg,0,0
53_1_0_20170117204229856.jpg,0,0
54_0_0_20170104184100878.jpg,0,0
54_0_0_20170104212522653.jpg,0,0
54_0_0_20170104212707930.jpg,0,0
54_0_0_20170105173614957.jpg,0,0
54_0_0_20170111195752794.jpg,0,0
54_0_0_20170111222018526.jpg,0,0
54_0_0_20170113210125997.jpg,0,1
54_0_0_20170117155448941.jpg,0,0
54_0_0_20170117170958924.jpg,0,0
54_0_0_20170117171240755.jpg,0,0
54_0_0_20170117190339460.jpg,0,0
54_0_0_20170117191422211.jpg,0,0
54_0_0_20170120222607969.jpg,0,0
54_0_0_20170120223352027.jpg,0,0
54_1_0_20170104212730503.jpg,0,0
54_1_0_20170110122243471.jpg,0,0
54_1_0_20170117155551876.jpg,0,0
54_1_0_20170117171600659.jpg,0,0
54_1_0_20170117191238426.jpg,0,0
55_0_0_20170104205336259.jpg,0,0
55_0_0_20170111194845175.jpg,0,0
55_0_0_20170112220524560.jpg,0,1
55_0_0_20170117135302098.jpg,0,0
55_0_0_20170117155144918.jpg,0,0
55_0_0_20170117183249550.jpg,0,0
55_0_0_20170117190004928.jpg,0,0
55_0_0_20170117190804738.jpg,0,0
55_0_0_20170117204213768.jpg,0,0
55_0_0_20170120222221343.jpg,0,0
55_0_0_20170120223715854.jpg,0,0
55_1_0_20170109012617704.jpg,0,0
55_1_0_20170110160643438.jpg,0,0
55_1_0_20170117174812952.jpg,0,0
56_0_0_20170104210554380.jpg,0,0
56_0_0_20170105175625694.jpg,0,0
56_0_0_20170111194856535.jpg,0,0
56_0_0_20170111203105369.jpg,0,0
56_0_0_20170113182426934.jpg,0,0
56_0_0_20170117000257766.jpg,0,0
56_0_0_20170119181226587.jpg,0,3
56_1_0_20170103180159982.jpg,0,0
56_1_0_20170109002302955.jpg,0,0
56_1_0_20170110122335365.jpg,0,0
56_1_0_20170110132132356.jpg,0,0
56_1_0_20170110153011644.jpg,0,0
56_1_0_20170110180113129.jpg,0,0
56_1_0_20170120140341104.jpg,0,0
57_0_0_20170103183943554.jpg,0,0
57_0_0_20170105173211517.jpg,0,0
57_0_0_20170111171747481.jpg,0,0
57_0_0_20170117140047588.jpg,0,0
57_0_0_20170120223918152.jpg,0,0
57_1_0_20170109134603312.jpg,0,3
57_1_0_20170110160643579.jpg,0,0
58_0_0_20170104211841244.jpg,0,0
58_0_0_20170105173531229.jpg,0,0
58_0_0_20170109012759314.jpg,0,0
58_0_0_20170111171747501.jpg,0,0
58_0_0_20170111204009616.jpg,0,3
58_0_0_20170113185223064.jpg,0,0
58_0_0_20170117140820048.jpg,0,0
58_0_0_20170117173315296.jpg,0,0
58_0_0_20170117191847355.jpg,0,3
58_0_0_20170117193250787.jpg,0,3
58_0_0_20170119211727401.jpg,0,0
58_0_0_20170120224603295.jpg,0,0
58_0_0_20170120224709007.jpg,0,0
58_1_0_20170104212157395.jpg,0,0
58_1_0_20170110140856753.jpg,0,0
58_1_0_20170117173717097.jpg,0,0
59_0_0_20170104212234005.jpg,0,0
59_0_0_20170109010613005.jpg,0,0
59_0_0_20170111201348742.jpg,0,0
59_0_0_20170119211444609.jpg,0,0
59_1_0_20170110131916835.jpg,0,0
5_0_0_20170110212804775.jpg,0,0
5_0_0_20170110213420350.jpg,0,0
5_0_0_20170110225205577.jpg,0,0
5_1_0_20170109191938064.jpg,0,0
5_1_0_20170109192816278.jpg,0,0
5_1_0_20170109193852084.jpg,0,0
5_1_0_20170109194215705.jpg,0,0
60_0_0_20170104205856564.jpg,0,0
60_0_0_20170109013439834.jpg,0,0
60_0_0_20170111203255875.jpg,0,2
60_0_0_20170113210127337.jpg,0,1
60_0_0_20170117092311960.jpg,0,0
60_0_0_20170117160535000.jpg,0,0
60_0_0_20170117192002666.jpg,0,0
60_0_0_20170120222250991.jpg,0,0
60_1_0_20170104185020782.jpg,0,0
60_1_0_20170110122826993.jpg,0,0
60_1_0_20170110131848316.jpg,0,0
60_1_0_20170110140806978.jpg,0,0
60_1_0_20170110141405608.jpg,0,0
60_1_0_20170110141812183.jpg,0,0
60_1_0_20170110151345930.jpg,0,0
60_1_0_20170110152946835.jpg,0,0
60_1_0_20170110154619614.jpg,0,0
60_1_0_20170117153656364.jpg,0,0
61_0_0_20170104185643766.jpg,0,3
61_0_0_20170105173233956.jpg,0,0
61_0_0_20170113185456409.jpg,0,0
61_0_0_20170117175110925.jpg,0,0
61_0_0_20170117192103475.jpg,0,0
61_0_0_20170120225152569.jpg,0,0
61_1_0_20170109142140107.jpg,0,0
61_1_0_20170117174551886.jpg,0,1
61_1_0_20170117204812272.jpg,0,0
62_0_0_20170105164057133.jpg,0,0
62_0_0_20170111203239701.jpg,0,0
62_0_0_20170111211200517.jpg,0,0
62_0_0_20170120223830886.jpg,0,0
62_1_0_20170110140404141.jpg,0,0
62_1_0_20170110173800240.jpg,0,0
63_0_0_20170104213058630.jpg,0,2
63_0_0_20170111171747601.jpg,0,0
63_0_0_20170113185508976.jpg,0,0
63_0_0_20170117192213796.jpg,0,0
63_0_0_20170120225657034.jpg,0,0
63_1_0_20170110120814684.jpg,0,0
63_1_0_20170110160643860.jpg,0,1
64_0_0_20170107214238619.jpg,0,0
64_0_0_20170117155544840.jpg,0,0
64_1_0_20170110131701333.jpg,0,0
64_1_0_20170110182136419.jpg,0,0
65_0_0_20170104184609437.jpg,0,0
65_0_0_20170111171747629.jpg,0,0
65_0_0_20170111201117758.jpg,0,0
65_0_0_20170111205148232.jpg,0,0
65_0_0_20170112222116553.jpg,0,0
65_0_0_20170117161049678.jpg,0,0
65_0_0_20170117171038979.jpg,0,0
65_0_0_20170117172111769.jpg,0,0
65_0_0_20170120221840421.jpg,0,0
65_0_0_20170120224637535.jpg,0,0
65_1_0_20170110125326249.jpg,0,0
65_1_0_20170110135759710.jpg,0,0
65_1_0_20170110141348912.jpg,0,0
65_1_0_20170110154347701.jpg,0,0
65_1_0_20170110181703594.jpg,0,0
65_1_0_20170117190355010.jpg,0,0
66_0_0_20170111203309589.jpg,0,0
66_0_0_20170120225919754.jpg,0,0
66_1_0_20170110122210413.jpg,0,0
66_1_0_20170110132135290.jpg,0,0
66_1_0_20170110140814578.jpg,0,0
66_1_0_20170110160643970.jpg,0,0
67_0_0_20170104213103526.jpg,0,0
67_0_0_20170111171747651.jpg,0,0
67_0_0_20170120223037554.jpg,0,0
67_0_0_20170120230048298.jpg,0,0
67_1_0_20170109142541820.jpg,0,0
67_1_0_20170110152820302.jpg,0,0
68_0_0_20170105174949806.jpg,0,2
68_0_0_20170111202050714.jpg,0,0
68_0_0_20170111221718605.jpg,0,0
68_0_0_20170117172721512.jpg,0,0
68_1_0_20170110122503348.jpg,0,0
68_1_0_20170110143529881.jpg,0,0
69_0_0_20170104184837071.jpg,0,0
69_1_0_20170109150615726.jpg,0,0
69_1_0_20170110141304032.jpg,0,0
69_1_0_20170110152927513.jpg,0,0
6_0_0_20170110221709278.jpg,0,0
6_1_0_20161220221631666.jpg,0,0
6_1_0_20170109193652525.jpg,0,0
6_1_0_20170109201721681.jpg,0,0
6_1_0_20170109204600139.jpg,0,0
70_0_0_20170104185838254.jpg,0,0
70_0_0_20170111200707164.jpg,0,0
70_0_0_20170116221027092.jpg,0,0
70_0_0_20170117171634067.jpg,0,0
70_0_0_20170117173655936.jpg,0,0
70_0_0_20170117174910845.jpg,0,0
70_0_0_20170120222625010.jpg,0,0
70_1_0_20170110122250867.jpg,0,0
70_1_0_20170110141123329.jpg,0,0
70_1_0_20170111202338431.jpg,0,2
70_1_0_20170120221601317.jpg,0,0
71_0_0_20170111204446510.jpg,0,0
71_1_0_20170110152341109.jpg,0,0
72_0_0_20170111181750515.jpg,0,0
72_0_0_20170111210705162.jpg,0,0
72_0_0_20170117171003724.jpg,0,0
72_1_0_20170110122624490.jpg,0,0
72_1_0_20170110153242401.jpg,0,0
72_1_0_20170110180527464.jpg,0,0
72_1_0_20170110183814706.jpg,0,0
73_0_0_20170109151000869.jpg,0,0
73_0_0_20170120230235659.jpg,0,0
73_1_0_20170110140448378.jpg,0,0
73_1_0_20170120223851022.jpg,0,0
74_0_0_20170116232642012.jpg,0,0
74_1_0_20170110131502622.jpg,0,0
75_0_0_20170111201904798.jpg,0,0
75_0_0_20170111204808623.jpg,0,0
75_0_0_20170111205314158.jpg,0,0
75_0_0_20170112222108897.jpg,0,0
75_0_0_20170117174423110.jpg,0,0
75_0_0_20170117192228563.jpg,0,0
75_1_0_20170109142100690.jpg,0,0
75_1_0_20170110181054680.jpg,0,0
75_1_0_20170110183826875.jpg,0,0
75_1_0_20170120230326690.jpg,0,0
76_0_0_20170111210148707.jpg,0,0
76_1_0_20170110182047993.jpg,0,0
77_0_0_20170109132051992.jpg,0,0
77_1_0_20170110132442352.jpg,0,0
78_0_0_20170111210105923.jpg,0,0
78_0_0_20170111222436497.jpg,0,0
78_0_0_20170120223021915.jpg,0,0
78_1_0_20170110131945504.jpg,0,0
78_1_0_20170120230348881.jpg,0,0
79_0_0_20170111222349717.jpg,0,0
7_0_0_20170110215437740.jpg,0,0
7_0_0_20170110215648859.jpg,0,0
7_0_0_20170110220552025.jpg,0,0
7_0_0_20170110225126086.jpg,0,0
7_1_0_20170104005639246.jpg,0,0
7_1_0_20170109200933192.jpg,0,0
7_1_0_20170109204550837.jpg,0,0
7_1_0_20170114025204820.jpg,0,0
80_0_0_20170111205921074.jpg,0,3
80_0_0_20170111222225975.jpg,0,0
80_0_0_20170117173616376.jpg,0,0
80_0_0_20170117174755679.jpg,0,3
80_0_0_20170117175546325.jpg,0,0
80_1_0_20170110122217473.jpg,0,0
80_1_0_20170110140603775.jpg,0,0
80_1_0_20170110153307958.jpg,0,0
80_1_0_20170110182353061.jpg,0,0
80_1_0_20170120221022764.jpg,0,0
81_0_0_20170117091321806.jpg,0,0
81_1_0_20170120224959056.jpg,0,0
82_0_0_20170111222357343.jpg,0,0
82_1_0_20170110132435984.jpg,0,0
83_0_0_20170117195413882.jpg,0,0
83_1_0_20170110181333958.jpg,0,0
84_1_0_20170110160644173.jpg,0,0
84_1_0_20170120225946337.jpg,0,0
85_0_0_20170111205839209.jpg,0,0
85_0_0_20170111210736421.jpg,0,0
85_0_0_20170120224751080.jpg,0,0
85_1_0_20170110175649821.jpg,0,0
85_1_0_20170110181617775.jpg,0,0
85_1_0_20170110182055926.jpg,0,0
85_1_0_20170110182945927.jpg,0,0
85_1_0_20170110183522560.jpg,0,0
85_1_0_20170110183746742.jpg,0,0
85_1_0_20170110184027031.jpg,0,0
85_1_0_20170120225757530.jpg,0,0
86_1_0_20170110183609068.jpg,0,0
87_0_0_20170120230518577.jpg,0,0
87_1_0_20170120224714735.jpg,0,0
88_1_0_20170110183704246.jpg,0,0
89_1_0_20170110182452888.jpg,0,0
8_0_0_20170103210825483.jpg,0,0
8_0_0_20170110215618155.jpg,0,0
8_0_0_20170110220138938.jpg,0,0
8_0_0_20170110220610016.jpg,0,0
8_1_0_20170109201110396.jpg,0,0
8_1_0_20170109202305645.jpg,0,0
8_1_0_20170109202428799.jpg,0,0
8_1_0_20170109202901798.jpg,0,0
8_1_0_20170109203315965.jpg,0,0
8_1_0_20170109203552679.jpg,0,0
8_1_0_20170109204400392.jpg,0,0
8_1_0_20170109204627905.jpg,0,0
8_1_0_20170109204954253.jpg,0,0
8_1_0_20170109205040140.jpg,0,0
8_1_0_20170109205329922.jpg,0,0
8_1_0_20170117175940947.jpg,0,0
90_0_0_20170111205428761.jpg,0,0
90_0_0_20170111211332406.jpg,0,0
90_0_0_20170117175416532.jpg,0,0
90_1_0_20170110155210772.jpg,0,0
90_1_0_20170110182910242.jpg,0,0
90_1_0_20170120224954568.jpg,0,0
92_1_0_20170110183501116.jpg,0,0
96_1_0_20170110161321170.jpg,0,0
99_1_0_20170120134718759.jpg,0,0
9_0_0_20170102235106821.jpg,0,0
9_0_0_20170110220005370.jpg,0,0
9_0_0_20170110220149298.jpg,0,0
9_0_0_20170110220240322.jpg,0,0
9_0_0_20170110220442681.jpg,0,0
9_0_0_20170110220624626.jpg,0,0
9_0_0_20170110221724498.jpg,0,0
9_0_0_20170110224351698.jpg,0,0
9_0_0_20170110224607682.jpg,0,0
9_0_0_20170110224837718.jpg,0,0
9_0_0_20170110225229812.jpg,0,0
9_0_0_20170110225608402.jpg,0,0
9_1_0_20170109202813775.jpg,0,0
9_1_0_20170117172655681.jpg,0,0
10_0_1_20170110225339066.jpg,1,1
12_1_1_20170109204024091.jpg,1,2
14_0_1_20170117133924867.jpg,1,1
14_1_1_20170112230439326.jpg,1,1
15_1_1_20170112191307797.jpg,1,2
16_0_1_20170110231713914.jpg,1,1
16_1_1_20170112191246585.jpg,1,1
17_0_1_20170110232231513.jpg,1,4
17_0_1_20170116182122450.jpg,1,1
17_1_1_20170103222937063.jpg,1,3
17_1_1_20170113132612480.jpg,1,1
18_0_1_20170113132627873.jpg,1,1
18_0_1_20170116204909922.jpg,1,1
18_1_1_20170109212551451.jpg,1,3
18_1_1_20170114030334837.jpg,1,1
19_0_1_20170117193231107.jpg,1,1
19_1_1_20170112231417629.jpg,1,0
1_0_1_20170110212837862.jpg,1,4
1_0_1_20170110213716266.jpg,1,1
1_1_1_20170109191050443.jpg,1,4
1_1_1_20170109194645713.jpg,1,3
20_0_1_20170113132727849.jpg,1,1
20_0_1_20170113180909253.jpg,1,1
20_1_1_20170112191323933.jpg,1,1
20_1_1_20170112231744071.jpg,1,1
20_1_1_20170114030919655.jpg,1,1
20_1_1_20170116215855605.jpg,1,1
21_0_1_20170113133205762.jpg,1,1
21_0_1_20170116010312874.jpg,1,1
21_0_1_20170117195323136.jpg,1,1
21_1_1_20170112193012350.jpg,1,1
21_1_1_20170112231851007.jpg,1,1
21_1_1_20170112233528728.jpg,1,4
21_1_1_20170114031500330.jpg,1,1
21_1_1_20170116215855605.jpg,1,1
22_0_1_20170113133327736.jpg,1,1
22_0_1_20170113155002433.jpg,1,1
22_0_1_20170114033213586.jpg,1,1
22_1_1_20170105002015683.jpg,1,1
22_1_1_20170112230554655.jpg,1,1
22_1_1_20170113005450526.jpg,1,1
22_1_1_20170114025247512.jpg,1,4
22_1_1_20170114033301951.jpg,1,1
23_0_1_20170113150723591.jpg,1,1
23_0_1_20170114033521648.jpg,1,1
23_0_1_20170117144346825.jpg,1,1
23_1_1_20170103223013127.jpg,1,1
23_1_1_20170113010455151.jpg,1,1
23_1_1_20170114033456731.jpg,1,1
23_1_1_20170117195235676.jpg,1,1
24_0_1_20170113132543250.jpg,1,1
24_0_1_20170113151024815.jpg,1,3
24_0_1_20170114025920224.jpg,1,1
24_0_1_20170116163437875.jpg,1,1
24_0_1_20170117145640546.jpg,1,1
24_0_1_20170117204434040.jpg,1,1
24_1_1_20170112204601475.jpg,1,1
24_1_1_20170112230733998.jpg,1,1
24_1_1_20170112234348991.jpg,1,1
24_1_1_20170113001329123.jpg,1,1
24_1_1_20170113011327776.jpg,1,1
24_1_1_20170115235014974.jpg,1,1
24_1_1_20170115235754853.jpg,1,1
24_1_1_20170116222611638.jpg,1,3
25_0_1_20170113133616655.jpg,1,1
25_0_1_20170113151350864.jpg,1,1
25_0_1_20170113181540981.jpg,1,1
25_0_1_20170116002246923.jpg,1,1
25_0_1_20170116025959945.jpg,1,1
25_0_1_20170117195045410.jpg,1,1
25_1_1_20161220222224947.jpg,1,1
25_1_1_20170112205059883.jpg,1,1
25_1_1_20170112215304176.jpg,1,1
25_1_1_20170112235005249.jpg,1,1
25_1_1_20170113011522470.jpg,1,1
25_1_1_20170114031711223.jpg,1,1
25_1_1_20170116003155558.jpg,1,1
25_1_1_20170116171043499.jpg,1,1
25_1_1_20170117142853127.jpg,1,1
26_0_1_20170105183731642.jpg,1,1
26_0_1_20170113134235602.jpg,1,1
26_0_1_20170113134356512.jpg,1,1
26_0_1_20170113135238738.jpg,1,1
26_0_1_20170113135416706.jpg,1,1
26_0_1_20170113151608208.jpg,1,1
26_0_1_20170113151758038.jpg,1,1
26_0_1_20170113152734393.jpg,1,1
26_0_1_20170113154843417.jpg,1,1
26_0_1_20170113155103554.jpg,1,1
26_0_1_20170113181829839.jpg,1,1
26_0_1_20170114033050455.jpg,1,1
26_0_1_20170116010816035.jpg,1,1
26_0_1_20170116142850729.jpg,1,1
26_0_1_20170116182114342.jpg,1,1
26_0_1_20170116184632849.jpg,1,1
26_0_1_20170116193145119.jpg,1,1
26_0_1_20170116201931711.jpg,1,1
26_0_1_20170116205012718.jpg,1,1
26_0_1_20170116210358725.jpg,1,1
26_0_1_20170116224835545.jpg,1,1
26_0_1_20170117001235514.jpg,1,1
26_0_1_20170117152417815.jpg,1,1
26_0_1_20170117194404976.jpg,1,1
26_0_1_20170117195838909.jpg,1,0
26_0_1_20170117200051836.jpg,1,1
26_0_1_20170120134608943.jpg,1,1
26_1_1_20170103225852672.jpg,1,1
26_1_1_20170112210418412.jpg,1,1
26_1_1_20170112211311571.jpg,1,1
26_1_1_20170112213007903.jpg,1,1
26_1_1_20170112213221119.jpg,1,1
26_1_1_20170112230519613.jpg,1,1
26_1_1_20170112235250049.jpg,1,1
26_1_1_20170113000003360.jpg,1,1
26_1_1_20170113000644330.jpg,1,4
26_1_1_20170113003743101.jpg,1,1
26_1_1_20170113011825553.jpg,1,1
26_1_1_20170113012239224.jpg,1,1
26_1_1_20170114024504169.jpg,1,1
26_1_1_20170116011417813.jpg,1,1
26_1_1_20170116021324542.jpg,1,1
26_1_1_20170116024031179.jpg,1,1
26_1_1_20170116153234172.jpg,1,1
26_1_1_20170116153853816.jpg,1,1
26_1_1_20170116155807484.jpg,1,1
26_1_1_20170116160930991.jpg,1,1
26_1_1_20170116164012804.jpg,1,1
26_1_1_20170116170849354.jpg,1,1
26_1_1_20170116175448301.jpg,1,1
26_1_1_20170116220051881.jpg,1,0
26_1_1_20170116223109423.jpg,1,1
26_1_1_20170116224202361.jpg,1,1
26_1_1_20170116231530890.jpg,1,1
26_1_1_20170116231925419.jpg,1,1
26_1_1_20170116232349861.jpg,1,1
26_1_1_20170116232709732.jpg,1,1
26_1_1_20170116233051385.jpg,1,1
26_1_1_20170116234738082.jpg,1,1
26_1_1_20170117134025403.jpg,1,1
26_1_1_20170117173603334.jpg,1,0
26_1_1_20170117200948582.jpg,1,0
27_0_1_20170113133926055.jpg,1,1
27_0_1_20170113175646676.jpg,1,1
27_0_1_20170116010418660.jpg,1,1
27_0_1_20170117005912432.jpg,1,1
27_0_1_20170117010518799.jpg,1,1
27_0_1_20170117013654319.jpg,1,1
27_0_1_20170117134943088.jpg,1,1
27_0_1_20170117194133909.jpg,1,1
27_1_1_20170112213510151.jpg,1,1
27_1_1_20170112234238832.jpg,1,1
27_1_1_20170113011238888.jpg,1,1
27_1_1_20170116023622621.jpg,1,3
27_1_1_20170117010343271.jpg,1,1
27_1_1_20170117013836057.jpg,1,1
27_1_1_20170117165603509.jpg,1,1
28_0_1_20170113011940681.jpg,1,1
28_0_1_20170113134701210.jpg,1,1
28_0_1_20170113142405196.jpg,1,1
28_0_1_20170113151347800.jpg,1,1
28_0_1_20170113155301388.jpg,1,1
28_0_1_20170113175230916.jpg,1,0
28_0_1_20170116005324543.jpg,1,1
28_0_1_20170116192346678.jpg,1,1
28_0_1_20170116203348523.jpg,1,1
28_0_1_20170116221732374.jpg,1,1
28_0_1_20170117020124788.jpg,1,1
28_0_1_20170117020911129.jpg,1,1
28_0_1_20170117022127921.jpg,1,1
28_0_1_20170117170646824.jpg,1,1
28_1_1_20170112202844634.jpg,1,1
28_1_1_20170112211545692.jpg,1,3
28_1_1_20170112230737559.jpg,1,0
28_1_1_20170113001154099.jpg,1,1
28_1_1_20170113012541073.jpg,1,1
28_1_1_20170116021913149.jpg,1,1
28_1_1_20170116171301974.jpg,1,1
28_1_1_20170116232347382.jpg,1,1
28_1_1_20170117020448529.jpg,1,1
28_1_1_20170117121931617.jpg,1,1
29_0_1_20170103235915646.jpg,1,1
29_0_1_20170113134253537.jpg,1,1
29_0_1_20170113151522064.jpg,1,1
29_0_1_20170113175509613.jpg,1,1
29_0_1_20170116011143078.jpg,1,1
29_0_1_20170116202000095.jpg,1,1
29_0_1_20170117022429192.jpg,1,1
29_0_1_20170117095826375.jpg,1,1
29_0_1_20170117104625949.jpg,1,1
29_0_1_20170117194427746.jpg,1,1
29_1_1_20170104192718648.jpg,1,1
29_1_1_20170112211746397.jpg,1,1
29_1_1_20170112235112993.jpg,1,1
29_1_1_20170113003505958.jpg,1,1
29_1_1_20170114030852380.jpg,1,1
29_1_1_20170116002146102.jpg,1,1
29_1_1_20170116021855730.jpg,1,1
29_1_1_20170116222451557.jpg,1,1
29_1_1_20170117123810096.jpg,1,1
29_1_1_20170120134001948.jpg,1,1
2_1_1_20170109194558992.jpg,1,1
30_0_1_20170113133612273.jpg,1,1
30_0_1_20170113141843699.jpg,1,1
30_0_1_20170116010614771.jpg,1,1
30_0_1_20170117094442927.jpg,1,1
30_0_1_20170117130038063.jpg,1,1
30_0_1_20170117181243676.jpg,1,4
30_1_1_20170112211330988.jpg,1,1
30_1_1_20170112231435630.jpg,1,0
30_1_1_20170113001206682.jpg,1,1
30_1_1_20170113012657328.jpg,1,1
30_1_1_20170115235628191.jpg,1,1
30_1_1_20170116233559206.jpg,1,1
30_1_1_20170117133829099.jpg,1,1
31_0_1_20170113133935353.jpg,1,1
31_0_1_20170113173411619.jpg,1,1
31_0_1_20170116010634833.jpg,1,1
31_0_1_20170116165733463.jpg,1,1
31_0_1_20170117021841979.jpg,1,1
31_0_1_20170117135549723.jpg,1,1
31_1_1_20170111204355636.jpg,1,1
31_1_1_20170112234534056.jpg,1,1
31_1_1_20170113012714175.jpg,1,1
31_1_1_20170116024050198.jpg,1,1
31_1_1_20170116180044004.jpg,1,1
31_1_1_20170116234434494.jpg,1,0
31_1_1_20170117135704010.jpg,1,1
32_0_1_20170113001057074.jpg,1,1
32_0_1_20170113135328377.jpg,1,1
32_0_1_20170113141942205.jpg,1,1
32_0_1_20170113151844984.jpg,1,1
32_0_1_20170113173554602.jpg,1,1
32_0_1_20170113183140758.jpg,1,0
32_0_1_20170116002236204.jpg,1,1
32_0_1_20170117010054839.jpg,1,1
32_0_1_20170117135943245.jpg,1,1
32_0_1_20170117172950046.jpg,1,1
32_1_1_20170112210500948.jpg,1,1
32_1_1_20170112220247289.jpg,1,1
32_1_1_20170112235029546.jpg,1,1
32_1_1_20170113001310242.jpg,1,1
32_1_1_20170113011729264.jpg,1,1
32_1_1_20170114024610489.jpg,1,1
32_1_1_20170115235709297.jpg,1,1
32_1_1_20170116021140504.jpg,1,4
32_1_1_20170116164417371.jpg,1,1
32_1_1_20170116232547353.jpg,1,1
32_1_1_20170117183639941.jpg,1,1
33_0_1_20170114034227427.jpg,1,1
33_1_1_20170112233308831.jpg,1,1
33_1_1_20170114030609784.jpg,1,1
34_0_1_20170113135745306.jpg,1,1
34_0_1_20170113152756632.jpg,1,1
34_0_1_20170116002355232.jpg,1,1
34_0_1_20170116202024648.jpg,1,1
34_0_1_20170117020029793.jpg,1,1
34_0_1_20170117182640204.jpg,1,1
34_1_1_20170104011329697.jpg,1,1
34_1_1_20170113000302889.jpg,1,1
34_1_1_20170114024710355.jpg,1,1
34_1_1_20170116021114210.jpg,1,1
34_1_1_20170116222859953.jpg,1,1
34_1_1_20170117015521760.jpg,1,1
35_0_1_20170113134244873.jpg,1,1
35_0_1_20170113142523669.jpg,1,1
35_0_1_20170113173610826.jpg,1,1
35_0_1_20170113190521337.jpg,1,1
35_0_1_20170116025838482.jpg,1,3
35_0_1_20170116203340428.jpg,1,1
35_0_1_20170117020842523.jpg,1,1
35_0_1_20170117130547843.jpg,1,1
35_0_1_20170117142612894.jpg,1,1
35_0_1_20170117143202320.jpg,1,1
35_0_1_20170117181203308.jpg,1,1
35_1_1_20170112193019582.jpg,1,1
35_1_1_20170112211938516.jpg,1,1
35_1_1_20170112230715541.jpg,1,1
35_1_1_20170113001239705.jpg,1,4
35_1_1_20170113012005143.jpg,1,1
35_1_1_20170116003228386.jpg,1,1
35_1_1_20170116223049636.jpg,1,1
35_1_1_20170117141052934.jpg,1,1
35_1_1_20170117154240728.jpg,1,0
36_0_1_20170104172819875.jpg,1,1
36_0_1_20170113141724667.jpg,1,1
36_0_1_20170113161345795.jpg,1,1
36_0_1_20170113183816777.jpg,1,1
36_0_1_20170116030458993.jpg,1,1
36_0_1_20170117135448300.jpg,1,1
36_0_1_20170117163535860.jpg,1,1
36_0_1_20170120221302965.jpg,1,1
36_1_1_20170109141849605.jpg,1,1
36_1_1_20170112231520246.jpg,1,1
36_1_1_20170113001049181.jpg,1,1
36_1_1_20170113012230792.jpg,1,1
36_1_1_20170115235941456.jpg,1,1
36_1_1_20170116155035948.jpg,1,1
36_1_1_20170116175558494.jpg,1,1
36_1_1_20170117135855155.jpg,1,1
37_0_1_20170116193744974.jpg,1,1
37_0_1_20170116214356844.jpg,1,1
37_0_1_20170117164349761.jpg,1,1
37_1_1_20170105172932885.jpg,1,1
37_1_1_20170116021920799.jpg,1,1
37_1_1_20170116204841022.jpg,1,1
38_0_1_20170113142213931.jpg,1,1
38_0_1_20170113174609987.jpg,1,1
38_0_1_20170116003739269.jpg,1,1
38_0_1_20170116233242125.jpg,1,1
38_0_1_20170117184650128.jpg,1,1
38_1_1_20170104202534970.jpg,1,1
38_1_1_20170112231516417.jpg,1,1
38_1_1_20170113005439788.jpg,1,1
38_1_1_20170114030101602.jpg,1,1
38_1_1_20170116160457906.jpg,1,1
38_1_1_20170116223105812.jpg,1,1
38_1_1_20170117184822384.jpg,1,1
39_0_1_20170113151528768.jpg,1,1
39_0_1_20170116193754803.jpg,1,1
39_0_1_20170117185039604.jpg,1,1
39_1_1_20170113000820292.jpg,1,1
39_1_1_20170116021937896.jpg,1,1
3_0_1_20170109194623635.jpg,1,1
3_1_1_20170109194610208.jpg,1,1
40_0_1_20170113152055344.jpg,1,1
40_0_1_20170113190544049.jpg,1,1
40_0_1_20170117135640172.jpg,1,1
40_0_1_20170117185317784.jpg,1,1
40_1_1_20170109003603180.jpg,1,0
40_1_1_20170113000204402.jpg,1,1
40_1_1_20170113005623327.jpg,1,1
40_1_1_20170113012648537.jpg,1,1
40_1_1_20170116165523668.jpg,1,1
40_1_1_20170117154203322.jpg,1,3
41_0_1_20170116003552644.jpg,1,1
41_0_1_20170117173648607.jpg,1,1
41_1_1_20170117194317075.jpg,1,1
42_0_1_20170113175712924.jpg,1,1
42_0_1_20170116193736397.jpg,1,1
42_1_1_20170113001802155.jpg,1,1
42_1_1_20170113012354401.jpg,1,1
42_1_1_20170116214643802.jpg,1,1
43_0_1_20170104184132454.jpg,1,1
43_0_1_20170117175110498.jpg,1,1
43_1_1_20170116160506632.jpg,1,1
44_0_1_20170117134941304.jpg,1,1
44_1_1_20170113001952364.jpg,1,1
45_0_1_20170113152931785.jpg,1,1
45_0_1_20170113181825862.jpg,1,1
45_0_1_20170113190638200.jpg,1,1
45_0_1_20170117140339396.jpg,1,1
45_0_1_20170117171914289.jpg,1,1
45_0_1_20170117204046200.jpg,1,1
45_1_1_20170113012310351.jpg,1,1
45_1_1_20170117141755026.jpg,1,1
46_0_1_20170113152154248.jpg,1,1
46_1_1_20170112220304903.jpg,1,1
46_1_1_20170116022038426.jpg,1,3
47_0_1_20170109004328399.jpg,1,0
47_0_1_20170117193737256.jpg,1,1
47_1_1_20170114033403408.jpg,1,1
48_0_1_20170113185049416.jpg,1,1
48_1_1_20170113013013754.jpg,1,1
49_0_1_20170113184332336.jpg,1,1
49_1_1_20170113012017156.jpg,1,1
4_0_1_20170110213631827.jpg,1,1
4_1_1_20170109194530016.jpg,1,1
50_0_1_20170113142149603.jpg,1,1
50_0_1_20170116010809979.jpg,1,3
50_0_1_20170117173743345.jpg,1,1
50_1_1_20170113002034412.jpg,1,0
51_0_1_20170113142040362.jpg,1,1
51_0_1_20170117173409188.jpg,1,1
51_1_1_20170110120110913.jpg,1,1
52_0_1_20170113142156388.jpg,1,1
52_0_1_20170117172804606.jpg,1,1
52_1_1_20170113000523249.jpg,1,1
53_0_1_20170116191725055.jpg,1,1
53_1_1_20170113012108752.jpg,1,1
54_0_1_20170113185017352.jpg,1,1
54_0_1_20170117183527321.jpg,1,1
54_0_1_20170117191450148.jpg,1,0
54_1_1_20170112222302265.jpg,1,1
55_0_1_20170117015513943.jpg,1,1
55_0_1_20170120134315207.jpg,1,1
55_1_1_20170109220622318.jpg,1,1
56_0_1_20170113174030713.jpg,1,1
56_0_1_20170117172244563.jpg,1,1
56_1_1_20170110143501684.jpg,1,1
56_1_1_20170116161657239.jpg,1,1
58_0_1_20170104185127270.jpg,1,2
58_0_1_20170113184906215.jpg,1,1
58_0_1_20170117184831471.jpg,1,1
58_0_1_20170120222527209.jpg,1,3
58_1_1_20170113012224304.jpg,1,1
59_1_1_20170116233345047.jpg,1,1
5_1_1_20170103180249368.jpg,1,1
60_0_1_20170113182850495.jpg,1,1
60_0_1_20170119204250215.jpg,1,1
60_1_1_20170113001648066.jpg,1,1
60_1_1_20170120222504473.jpg,1,1
61_0_1_20170113185412103.jpg,1,1
61_0_1_20170117194340081.jpg,1,1
62_0_1_20170111223858253.jpg,1,1
62_0_1_20170113184846159.jpg,1,1
63_0_1_20170117155018994.jpg,1,1
63_1_1_20170110120101291.jpg,1,1
64_0_1_20170117182526238.jpg,1,1
65_0_1_20170113174805802.jpg,1,1
65_0_1_20170117190957867.jpg,1,1
65_0_1_20170120223219484.jpg,1,1
65_1_1_20170117163545690.jpg,1,1
67_0_1_20170117172510754.jpg,1,1
68_0_1_20170113181302934.jpg,1,0
68_1_1_20170113002009108.jpg,1,1
69_0_1_20170116205546933.jpg,1,1
6_1_1_20170112205056443.jpg,1,1
70_0_1_20170120223446317.jpg,1,1
71_1_1_20170117194632791.jpg,1,1
72_0_1_20170117165211936.jpg,1,0
75_0_1_20170111200107131.jpg,1,1
75_0_1_20170113135403273.jpg,1,1
75_1_1_20170113013039564.jpg,1,1
77_0_1_20170116210256280.jpg,1,0
79_0_1_20170111223356803.jpg,1,1
7_0_1_20170110220029050.jpg,1,0
7_1_1_20170113000913057.jpg,1,0
80_1_1_20170120222433936.jpg,1,1
85_0_1_20170111210314652.jpg,1,1
88_1_1_20170110183118502.jpg,1,1
89_0_1_20170117194330360.jpg,1,1
8_0_1_20170110215915731.jpg,1,1
96_1_1_20170117183936388.jpg,1,1
9_0_1_20170110225103801.jpg,1,1
9_1_1_20170117105556810.jpg,1,1
10_0_2_20170116162109013.jpg,2,2
10_1_2_20170104005417671.jpg,2,3
12_1_2_20170116194059753.jpg,2,2
14_0_2_20170103201051263.jpg,2,4
14_1_2_20170104021105972.jpg,2,2
15_0_2_20170114024948220.jpg,2,0
15_1_2_20170116175234078.jpg,2,2
18_1_2_20170104020424141.jpg,2,2
18_1_2_20170114030739228.jpg,2,1
19_0_2_20170104020121132.jpg,2,2
1_0_2_20161219140756601.jpg,2,2
1_0_2_20161219141908313.jpg,2,2
1_0_2_20161219142452152.jpg,2,2
1_0_2_20161219153318900.jpg,2,2
1_0_2_20161219155411381.jpg,2,2
1_0_2_20161219155850477.jpg,2,2
1_0_2_20161219160955846.jpg,2,2
1_0_2_20161219161640358.jpg,2,2
1_0_2_20161219162212662.jpg,2,2
1_0_2_20161219162758303.jpg,2,2
1_0_2_20161219190025955.jpg,2,2
1_0_2_20161219194543059.jpg,2,2
1_0_2_20161219195130076.jpg,2,2
1_0_2_20161219200004228.jpg,2,2
1_0_2_20161219200619172.jpg,2,2
1_0_2_20161219202914180.jpg,2,2
1_0_2_20161219203256078.jpg,2,2
1_0_2_20161219203954396.jpg,2,2
1_0_2_20161219204515493.jpg,2,2
1_0_2_20161219205016902.jpg,2,2
1_0_2_20161219205758717.jpg,2,2
1_0_2_20161219211505437.jpg,2,2
1_0_2_20161219212516942.jpg,2,2
1_0_2_20161219220247471.jpg,2,2
1_0_2_20161219222035808.jpg,2,2
1_0_2_20161219222555031.jpg,2,2
1_0_2_20170109191125532.jpg,2,2
1_0_2_20170117195243732.jpg,2,2
1_1_2_20161219141502337.jpg,2,4
1_1_2_20161219151131108.jpg,2,2
1_1_2_20161219155353413.jpg,2,2
1_1_2_20161219161751262.jpg,2,2
1_1_2_20161219162635831.jpg,2,2
1_1_2_20161219194531091.jpg,2,2
1_1_2_20161219195630371.jpg,2,2
1_1_2_20161219200309555.jpg,2,2
1_1_2_20161219202852780.jpg,2,2
1_1_2_20161219204636789.jpg,2,2
1_1_2_20161219210955701.jpg,2,2
1_1_2_20161219212514021.jpg,2,2
1_1_2_20161219221229279.jpg,2,2
1_1_2_20161219222154119.jpg,2,2
1_1_2_20170117192827229.jpg,2,2
20_1_2_20170104020440101.jpg,2,2
20_1_2_20170116165621526.jpg,2,2
21_0_2_20170107213417643.jpg,2,2
21_1_2_20170103201800511.jpg,2,2
21_1_2_20170109132112364.jpg,2,2
21_1_2_20170116170754019.jpg,2,2
21_1_2_20170116171507249.jpg,2,2
22_0_2_20170104020041910.jpg,2,2
22_0_2_20170116171724301.jpg,2,2
22_1_2_20161219153940196.jpg,2,2
22_1_2_20170104021940541.jpg,2,2
22_1_2_20170116162522559.jpg,2,2
22_1_2_20170116170405273.jpg,2,2
22_1_2_20170116172619218.jpg,2,2
22_1_2_20170116172718234.jpg,2,3
23_0_2_20170108224712804.jpg,2,2
23_0_2_20170116172922675.jpg,2,2
23_1_2_20170104020318141.jpg,2,2
23_1_2_20170116172814255.jpg,2,2
23_1_2_20170116172902847.jpg,2,2
23_1_2_20170116173049386.jpg,2,2
23_1_2_20170116173110409.jpg,2,2
23_1_2_20170116173150921.jpg,2,1
23_1_2_20170116173215428.jpg,2,2
24_0_2_20161219192221394.jpg,2,2
24_0_2_20170116001001063.jpg,2,0
24_0_2_20170116163855503.jpg,2,2
24_0_2_20170116165208785.jpg,2,2
24_0_2_20170116170804180.jpg,2,2
24_0_2_20170116173635907.jpg,2,2
24_1_2_20170103223948600.jpg,2,2
24_1_2_20170104021300885.jpg,2,2
24_1_2_20170112204459483.jpg,2,2
24_1_2_20170116163638814.jpg,2,2
24_1_2_20170116165003935.jpg,2,2
24_1_2_20170116165608430.jpg,2,2
24_1_2_20170116170556211.jpg,2,2
24_1_2_20170116171030907.jpg,2,2
24_1_2_20170116171546278.jpg,2,2
24_1_2_20170116171657075.jpg,2,2
24_1_2_20170116173353160.jpg,2,2
24_1_2_20170116173430041.jpg,2,2
24_1_2_20170116173512698.jpg,2,2
24_1_2_20170116174405212.jpg,2,2
24_1_2_20170116174421540.jpg,2,2
24_1_2_20170116174511173.jpg,2,2
24_1_2_20170116174610352.jpg,2,2
24_1_2_20170116222629764.jpg,2,2
25_0_2_20170104021424381.jpg,2,2
25_0_2_20170116174836155.jpg,2,2
25_1_2_20170104015651372.jpg,2,2
25_1_2_20170104021412148.jpg,2,2
25_1_2_20170107213811324.jpg,2,2
25_1_2_20170116165500425.jpg,2,2
25_1_2_20170116174847586.jpg,2,2
25_1_2_20170116175241325.jpg,2,2
25_1_2_20170116175255617.jpg,2,2
26_0_2_20170104015801932.jpg,2,2
26_0_2_20170112205708403.jpg,2,2
26_0_2_20170116175845872.jpg,2,2
26_0_2_20170116175955916.jpg,2,2
26_0_2_20170116180757529.jpg,2,2
26_0_2_20170116181236791.jpg,2,2
26_0_2_20170116181352905.jpg,2,0
26_0_2_20170116182415133.jpg,2,2
26_0_2_20170116182756349.jpg,2,2
26_0_2_20170116184137536.jpg,2,2
26_0_2_20170117172733502.jpg,2,2
26_0_2_20170120134050439.jpg,2,1
26_1_2_20170103181524137.jpg,2,0
26_1_2_20170104022148861.jpg,2,2
26_1_2_20170105163925349.jpg,2,2
26_1_2_20170116161826427.jpg,2,2
26_1_2_20170116163918033.jpg,2,2
26_1_2_20170116175443429.jpg,2,2
26_1_2_20170116175512769.jpg,2,2
26_1_2_20170116175912015.jpg,2,2
26_1_2_20170116180016937.jpg,2,2
26_1_2_20170116180232341.jpg,2,2
26_1_2_20170116180325633.jpg,2,2
26_1_2_20170116180538949.jpg,2,2
26_1_2_20170116180913581.jpg,2,2
26_1_2_20170116182406083.jpg,2,3
26_1_2_20170116183745463.jpg,2,2
26_1_2_20170116184050204.jpg,2,2
26_1_2_20170116184134921.jpg,2,2
26_1_2_20170116184155381.jpg,2,2
26_1_2_20170116184247227.jpg,2,2
26_1_2_20170116184445597.jpg,2,2
26_1_2_20170116184502052.jpg,2,2
26_1_2_20170116184543342.jpg,2,1
26_1_2_20170116184701683.jpg,2,2
26_1_2_20170116184821778.jpg,2,2
26_1_2_20170117154930236.jpg,2,2
27_0_2_20170116162359452.jpg,2,2
27_0_2_20170116172745659.jpg,2,2
27_0_2_20170119193327962.jpg,2,3
27_1_2_20170104020617357.jpg,2,2
27_1_2_20170116162057519.jpg,2,2
27_1_2_20170116163607756.jpg,2,2
27_1_2_20170116163729639.jpg,2,2
27_1_2_20170116165450739.jpg,2,4
27_1_2_20170116170654971.jpg,2,2
27_1_2_20170116171613640.jpg,2,2
27_1_2_20170116172712326.jpg,2,2
27_1_2_20170116190003226.jpg,2,2
28_0_2_20170104022635829.jpg,2,2
28_0_2_20170116164233720.jpg,2,2
28_0_2_20170116180337639.jpg,2,2
28_0_2_20170116193003015.jpg,2,2
28_1_2_20170104020939196.jpg,2,2
28_1_2_20170109141410232.jpg,2,2
28_1_2_20170116162424590.jpg,2,2
28_1_2_20170116163327403.jpg,2,2
28_1_2_20170116164515900.jpg,2,2
28_1_2_20170116164640416.jpg,2,2
28_1_2_20170116165125979.jpg,2,2
28_1_2_20170116165616595.jpg,2,2
28_1_2_20170116171538104.jpg,2,2
28_1_2_20170116184835533.jpg,2,2
28_1_2_20170116190131133.jpg,2,2
28_1_2_20170116222623761.jpg,2,2
29_0_2_20170116162050789.jpg,2,2
29_0_2_20170116172041615.jpg,2,2
29_0_2_20170117130038591.jpg,2,2
29_1_2_20170105164315483.jpg,2,2
29_1_2_20170116162732878.jpg,2,0
29_1_2_20170116164927601.jpg,2,2
29_1_2_20170116175313289.jpg,2,2
29_1_2_20170116220903106.jpg,2,1
2_0_2_20161219141643337.jpg,2,2
2_0_2_20161219151144107.jpg,2,2
2_0_2_20161219155959781.jpg,2,2
2_0_2_20161219162132342.jpg,2,2
2_0_2_20161219190009084.jpg,2,2
2_0_2_20161219194420523.jpg,2,2
2_0_2_20161219201235452.jpg,2,2
2_0_2_20161219203844252.jpg,2,2
2_0_2_20161219212235749.jpg,2,2
2_0_2_20161219222215999.jpg,2,2
2_1_2_20161219141208216.jpg,2,2
2_1_2_20161219151225811.jpg,2,2
2_1_2_20161219153833780.jpg,2,2
2_1_2_20161219160809142.jpg,2,2
2_1_2_20161219162334438.jpg,2,2
2_1_2_20161219194346219.jpg,2,2
2_1_2_20161219203118564.jpg,2,2
2_1_2_20161219211300054.jpg,2,2
2_1_2_20161219215651168.jpg,2,2
30_0_2_20170116163429712.jpg,2,2
30_0_2_20170116172536135.jpg,2,2
30_0_2_20170116173655735.jpg,2,2
30_0_2_20170116192359839.jpg,2,2
30_0_2_20170117134906136.jpg,2,2
30_1_2_20170104164904841.jpg,2,2
30_1_2_20170116161408096.jpg,2,2
30_1_2_20170116162557654.jpg,2,2
30_1_2_20170116164729972.jpg,2,2
30_1_2_20170116174548024.jpg,2,2
30_1_2_20170116191239121.jpg,2,2
30_1_2_20170116192245601.jpg,2,2
30_1_2_20170116201553981.jpg,2,2
30_1_2_20170119150857103.jpg,2,2
31_0_2_20170104021231011.jpg,2,2
31_0_2_20170116170946512.jpg,2,2
31_1_2_20170109003538257.jpg,2,4
32_0_2_20170104170708615.jpg,2,1
32_0_2_20170116163341710.jpg,2,2
32_0_2_20170116183717004.jpg,2,2
32_0_2_20170116191444550.jpg,2,0
32_0_2_20170117133724452.jpg,2,2
32_1_2_20170104023251558.jpg,2,2
32_1_2_20170109141342355.jpg,2,2
32_1_2_20170116180211518.jpg,2,2
32_1_2_20170116190012513.jpg,2,2
32_1_2_20170116192028254.jpg,2,2
34_0_2_20170112205459219.jpg,2,1
34_1_2_20170104172537171.jpg,2,1
35_0_2_20170104191726270.jpg,2,2
35_0_2_20170116165347849.jpg,2,2
35_0_2_20170116175138888.jpg,2,2
35_0_2_20170116182439096.jpg,2,2
35_0_2_20170116191718734.jpg,2,2
35_0_2_20170117135017903.jpg,2,2
35_0_2_20170117191648050.jpg,2,2
35_1_2_20170103182708145.jpg,2,2
35_1_2_20170116175203095.jpg,2,2
35_1_2_20170116191706178.jpg,2,2
35_1_2_20170116191843657.jpg,2,2
35_1_2_20170117183050262.jpg,2,2
36_0_2_20170116191926914.jpg,2,2
37_0_2_20170116184939699.jpg,2,2
37_0_2_20170117135956305.jpg,2,2
37_1_2_20170105164301196.jpg,2,2
38_0_2_20170109002407221.jpg,2,2
38_0_2_20170116192326283.jpg,2,2
38_1_2_20170109140654630.jpg,2,2
39_0_2_20170104210153244.jpg,2,2
39_1_2_20170103183301786.jpg,2,2
3_0_2_20161219142551561.jpg,2,2
3_0_2_20161219161653119.jpg,2,2
3_0_2_20161219212426998.jpg,2,3
3_1_2_20161219140825328.jpg,2,2
3_1_2_20161219142118801.jpg,2,2
3_1_2_20161219152927668.jpg,2,2
3_1_2_20161219160306229.jpg,2,2
3_1_2_20161219162958110.jpg,2,2
3_1_2_20161219204143341.jpg,2,2
3_1_2_20161219212116151.jpg,2,2
40_0_2_20170104170505569.jpg,2,2
40_0_2_20170116173629300.jpg,2,2
40_0_2_20170116182746808.jpg,2,2
40_0_2_20170116192745755.jpg,2,2
40_0_2_20170117154534091.jpg,2,2
40_1_2_20170116161916676.jpg,2,2
40_1_2_20170116191614819.jpg,2,2
41_0_2_20170116192512743.jpg,2,2
42_0_2_20170104210407684.jpg,2,2
42_1_2_20170107212130951.jpg,2,2
43_0_2_20170104210607932.jpg,2,0
45_0_2_20170104174321891.jpg,2,1
45_0_2_20170117153932735.jpg,2,1
45_1_2_20170107211934472.jpg,2,2
46_0_2_20170116192700927.jpg,2,1
49_0_2_20170104021434588.jpg,2,2
4_0_2_20161219160939189.jpg,2,2
4_0_2_20161219200030036.jpg,2,2
4_0_2_20170110220021011.jpg,2,2
4_1_2_20161219141829689.jpg,2,0
4_1_2_20161219155845373.jpg,2,2
4_1_2_20161219190751754.jpg,2,2
4_1_2_20161219211452533.jpg,2,2
50_0_2_20170116172953191.jpg,2,2
50_0_2_20170116191949008.jpg,2,2
50_1_2_20170107212204715.jpg,2,2
52_0_2_20170112220324599.jpg,2,3
53_0_2_20170116192934154.jpg,2,2
54_0_2_20170116193435159.jpg,2,2
55_0_2_20170116172931526.jpg,2,2
55_1_2_20161219153926437.jpg,2,0
56_0_2_20170119180737540.jpg,2,2
58_0_2_20170116193604774.jpg,2,2
59_1_2_20170109134248584.jpg,2,0
5_0_2_20161219194318083.jpg,2,2
5_0_2_20170109193500519.jpg,2,2
5_1_2_20161219151522483.jpg,2,2
5_1_2_20161219190317906.jpg,2,2
5_1_2_20161219195118916.jpg,2,2
5_1_2_20161219204528892.jpg,2,2
60_0_2_20170112205517100.jpg,2,0
60_0_2_20170116191403867.jpg,2,0
60_0_2_20170120223504413.jpg,2,2
61_0_2_20170112224245939.jpg,2,2
62_0_2_20170112205718780.jpg,2,2
64_0_2_20170116193332398.jpg,2,2
65_0_2_20170112224011835.jpg,2,2
65_1_2_20170112224125018.jpg,2,2
68_0_2_20170111205006920.jpg,2,0
6_1_2_20161219192033227.jpg,2,4
70_0_2_20170116192621613.jpg,2,2
72_0_2_20170112223925555.jpg,2,2
75_0_2_20170111210029130.jpg,2,2
75_0_2_20170112222028563.jpg,2,0
75_1_2_20170110182818569.jpg,2,2
76_0_2_20170112224304323.jpg,2,0
78_0_2_20170112220542632.jpg,2,2
79_0_2_20170116194001100.jpg,2,0
7_0_2_20161219204335837.jpg,2,2
7_1_2_20161219190036147.jpg,2,2
80_0_2_20170116233216420.jpg,2,2
82_1_2_20170110183005747.jpg,2,2
85_0_2_20170111211021687.jpg,2,1
85_1_2_20170112204748587.jpg,2,2
88_0_2_20170112223932900.jpg,2,2
89_1_2_20170110182930160.jpg,2,2
8_1_2_20161219163614671.jpg,2,2
8_1_2_20170109203855544.jpg,2,2
95_1_2_20170110182531150.jpg,2,2
99_1_2_20170117195405372.jpg,2,2
9_0_2_20161219192701323.jpg,2,4
10_0_3_20170104225233504.jpg,3,3
10_1_3_20170104221633430.jpg,3,3
12_1_3_20161220222343139.jpg,3,3
13_0_3_20170110232628896.jpg,3,3
13_1_3_20170109205242338.jpg,3,3
14_0_3_20170117181642515.jpg,3,0
14_1_3_20170104222437734.jpg,3,2
15_1_3_20170117142502538.jpg,3,3
16_0_3_20170110232812662.jpg,3,3
16_1_3_20170109213433239.jpg,3,0
18_0_3_20170104225753848.jpg,3,3
18_0_3_20170117135605224.jpg,3,0
18_1_3_20170104221856991.jpg,3,3
18_1_3_20170109213214718.jpg,3,0
19_1_3_20170104222642335.jpg,3,3
1_0_3_20161219190227867.jpg,3,4
1_0_3_20161219224748008.jpg,3,3
1_0_3_20161219225032897.jpg,3,4
1_0_3_20161219225410225.jpg,3,4
1_0_3_20161219225648120.jpg,3,3
1_0_3_20161219225845336.jpg,3,3
1_0_3_20161219230224536.jpg,3,3
1_0_3_20161219230533840.jpg,3,3
1_0_3_20161220142918568.jpg,3,3
1_0_3_20161220144712431.jpg,3,3
1_0_3_20161220145820446.jpg,3,4
1_0_3_20161220220358441.jpg,3,4
1_0_3_20161220222436891.jpg,3,3
1_0_3_20161220223247506.jpg,3,4
1_1_3_20161219224619703.jpg,3,3
1_1_3_20161219225027497.jpg,3,3
1_1_3_20161219225515600.jpg,3,3
1_1_3_20161219230507432.jpg,3,3
1_1_3_20161220143204424.jpg,3,3
1_1_3_20161220143313302.jpg,3,3
1_1_3_20161220144637487.jpg,3,4
1_1_3_20161220145232550.jpg,3,3
1_1_3_20161220220216145.jpg,3,4
1_1_3_20161220221808354.jpg,3,3
20_0_3_20170104214325910.jpg,3,3
20_0_3_20170119153211097.jpg,3,3
20_1_3_20170104222031311.jpg,3,3
20_1_3_20170117141155272.jpg,3,3
20_1_3_20170119153750257.jpg,3,3
21_0_3_20170119150216454.jpg,3,2
21_0_3_20170119154329337.jpg,3,0
21_1_3_20170104222108390.jpg,3,3
21_1_3_20170104223626119.jpg,3,3
21_1_3_20170104233909843.jpg,3,0
21_1_3_20170117193843284.jpg,3,3
21_1_3_20170119155651002.jpg,3,3
22_0_3_20170119150653870.jpg,3,2
22_0_3_20170119162807109.jpg,3,3
22_1_3_20170104222214551.jpg,3,3
22_1_3_20170104223125535.jpg,3,3
22_1_3_20170104232054915.jpg,3,3
22_1_3_20170117143720305.jpg,3,3
22_1_3_20170119160417027.jpg,3,3
22_1_3_20170119163331125.jpg,3,3
23_0_3_20170116221643369.jpg,3,3
23_0_3_20170119163804981.jpg,3,1
23_0_3_20170119164007795.jpg,3,3
23_0_3_20170119164331517.jpg,3,4
23_1_3_20170104220147782.jpg,3,3
23_1_3_20170104223146287.jpg,3,3
23_1_3_20170105002606965.jpg,3,3
23_1_3_20170119152429983.jpg,3,3
23_1_3_20170119164457312.jpg,3,3
23_1_3_20170119164537949.jpg,3,3
23_1_3_20170119164553534.jpg,3,3
24_0_3_20170115230942077.jpg,3,3
24_0_3_20170119160307619.jpg,3,3
24_0_3_20170119165628798.jpg,3,3
24_0_3_20170119165935686.jpg,3,3
24_1_3_20161220222118601.jpg,3,3
24_1_3_20170104222408639.jpg,3,3
24_1_3_20170104223331567.jpg,3,3
24_1_3_20170104231931545.jpg,3,3
24_1_3_20170104234822506.jpg,3,3
24_1_3_20170117145444188.jpg,3,3
24_1_3_20170117150528724.jpg,3,3
24_1_3_20170119152746104.jpg,3,3
24_1_3_20170119165918215.jpg,3,3
24_1_3_20170119170926830.jpg,3,3
24_1_3_20170119171037624.jpg,3,4
24_1_3_20170119171109382.jpg,3,3
25_0_3_20170104214613229.jpg,3,3
25_0_3_20170117134725751.jpg,3,0
25_0_3_20170117151555901.jpg,3,3
25_0_3_20170119153348729.jpg,3,4
25_0_3_20170119171215856.jpg,3,3
25_0_3_20170119171615136.jpg,3,3
25_0_3_20170119171838017.jpg,3,0
25_1_3_20170104222509455.jpg,3,0
25_1_3_20170104232025362.jpg,3,4
25_1_3_20170105000930603.jpg,3,3
25_1_3_20170117140714944.jpg,3,3
25_1_3_20170117151149187.jpg,3,3
25_1_3_20170117152134924.jpg,3,3
25_1_3_20170119153526538.jpg,3,3
25_1_3_20170119171917192.jpg,3,3
25_1_3_20170119172047553.jpg,3,3
25_1_3_20170119172134400.jpg,3,3
25_1_3_20170119172147361.jpg,3,0
26_0_3_20170104214726725.jpg,3,3
26_0_3_20170104230341769.jpg,3,3
26_0_3_20170104232208944.jpg,3,3
26_0_3_20170117153142796.jpg,3,3
26_0_3_20170117154317645.jpg,3,3
26_0_3_20170117154557054.jpg,3,3
26_0_3_20170119144035406.jpg,3,3
26_0_3_20170119162753492.jpg,3,3
26_0_3_20170119175440075.jpg,3,1
26_0_3_20170119180343596.jpg,3,3
26_0_3_20170119180445229.jpg,3,3
26_0_3_20170119180511092.jpg,3,3
26_0_3_20170119180622762.jpg,3,3
26_0_3_20170119180948868.jpg,3,3
26_0_3_20170119181349862.jpg,3,3
26_0_3_20170119183138486.jpg,3,3
26_0_3_20170119183545783.jpg,3,3
26_0_3_20170119183930502.jpg,3,3
26_0_3_20170119184256959.jpg,3,3
26_0_3_20170119191754105.jpg,3,3
26_0_3_20170119192352369.jpg,3,4
26_1_3_20170104215610550.jpg,3,3
26_1_3_20170104222740327.jpg,3,3
26_1_3_20170104222929063.jpg,3,3
26_1_3_20170104223100991.jpg,3,3
26_1_3_20170104232150859.jpg,3,3
26_1_3_20170104232952337.jpg,3,3
26_1_3_20170104235421282.jpg,3,3
26_1_3_20170109135843276.jpg,3,3
26_1_3_20170116233146621.jpg,3,3
26_1_3_20170117153340356.jpg,3,3
26_1_3_20170117154416199.jpg,3,3
26_1_3_20170117154821244.jpg,3,3
26_1_3_20170117173750790.jpg,3,3
26_1_3_20170117174259928.jpg,3,3
26_1_3_20170117174445062.jpg,3,3
26_1_3_20170119150754793.jpg,3,3
26_1_3_20170119155644533.jpg,3,0
26_1_3_20170119180600308.jpg,3,3
26_1_3_20170119192110658.jpg,3,3
26_1_3_20170119192313426.jpg,3,0
26_1_3_20170119192503866.jpg,3,3
26_1_3_20170119193058134.jpg,3,3
26_1_3_20170119193111657.jpg,3,0
26_1_3_20170119193118067.jpg,3,3
26_1_3_20170119193126243.jpg,3,3
26_1_3_20170119193139298.jpg,3,4
26_1_3_20170119193147306.jpg,3,3
27_0_3_20170104214555317.jpg,3,0
27_0_3_20170117175516521.jpg,3,0
27_0_3_20170119193205856.jpg,3,1
27_0_3_20170119193246961.jpg,3,3
27_0_3_20170119194317923.jpg,3,3
27_0_3_20170120220034035.jpg,3,3
27_1_3_20170104223000127.jpg,3,3
27_1_3_20170104231549626.jpg,3,3
27_1_3_20170109132029072.jpg,3,3
27_1_3_20170119144021952.jpg,3,3
27_1_3_20170119194359962.jpg,3,3
27_1_3_20170119194425619.jpg,3,1
28_0_3_20170104230628769.jpg,3,3
28_0_3_20170117020056667.jpg,3,1
28_0_3_20170119162759516.jpg,3,3
28_0_3_20170119194432235.jpg,3,4
28_0_3_20170119194456586.jpg,3,3
28_0_3_20170119194508397.jpg,3,3
28_0_3_20170119194514838.jpg,3,3
28_0_3_20170119194803955.jpg,3,3
28_0_3_20170119194909970.jpg,3,3
28_0_3_20170119194929915.jpg,3,3
28_0_3_20170120220130530.jpg,3,0
28_1_3_20170104231422265.jpg,3,3
28_1_3_20170109132749602.jpg,3,3
28_1_3_20170117144207130.jpg,3,3
28_1_3_20170119164514645.jpg,3,3
28_1_3_20170119195053979.jpg,3,3
28_1_3_20170119195104970.jpg,3,3
29_0_3_20170117180751226.jpg,3,3
29_0_3_20170119171739135.jpg,3,3
29_0_3_20170119195249772.jpg,3,3
29_0_3_20170119195313651.jpg,3,3
29_1_3_20170104222730103.jpg,3,3
29_1_3_20170104234632266.jpg,3,3
29_1_3_20170119152650912.jpg,3,3
2_0_3_20161219225228376.jpg,3,1
2_0_3_20161220143058738.jpg,3,3
2_1_3_20161219225003319.jpg,3,3
2_1_3_20161219225623600.jpg,3,3
2_1_3_20161219230048688.jpg,3,3
2_1_3_20161220144625342.jpg,3,3
2_1_3_20161220222013834.jpg,3,3
30_0_3_20170117123905973.jpg,3,1
30_0_3_20170117151144661.jpg,3,3
30_0_3_20170119195646516.jpg,3,3
30_0_3_20170119195811116.jpg,3,3
30_1_3_20170104223318647.jpg,3,3
30_1_3_20170104235542236.jpg,3,3
30_1_3_20170117132700450.jpg,3,3
30_1_3_20170117181342861.jpg,3,3
30_1_3_20170119195849148.jpg,3,3
31_0_3_20170104220255896.jpg,3,3
31_0_3_20170119195940339.jpg,3,3
31_0_3_20170119200052268.jpg,3,0
31_1_3_20170104220156327.jpg,3,4
31_1_3_20170104235227202.jpg,3,4
31_1_3_20170119200101732.jpg,3,3
32_0_3_20170113182522174.jpg,3,3
32_0_3_20170117182343614.jpg,3,0
32_0_3_20170119200203836.jpg,3,3
32_0_3_20170119200337060.jpg,3,3
32_0_3_20170119200401517.jpg,3,3
32_1_3_20170104232241306.jpg,3,3
32_1_3_20170109141339133.jpg,3,3
32_1_3_20170119200440516.jpg,3,3
33_0_3_20170119164235580.jpg,3,3
33_1_3_20170109132139583.jpg,3,3
34_0_3_20170117134903926.jpg,3,3
34_0_3_20170119152422977.jpg,3,3
34_0_3_20170119165709773.jpg,3,3
34_0_3_20170119171715544.jpg,3,3
34_0_3_20170119200547004.jpg,3,3
34_0_3_20170119200728660.jpg,3,3
34_0_3_20170119200815092.jpg,3,3
34_1_3_20170104235729572.jpg,3,3
34_1_3_20170119164445358.jpg,3,3
35_0_3_20170104201604930.jpg,3,0
35_0_3_20170116210123526.jpg,3,3
35_0_3_20170117180756185.jpg,3,3
35_0_3_20170119151444959.jpg,3,3
35_0_3_20170119181105779.jpg,3,3
35_0_3_20170119200930924.jpg,3,3
35_0_3_20170119201304861.jpg,3,3
35_0_3_20170119201434358.jpg,3,3
35_1_3_20170104220136126.jpg,3,3
35_1_3_20170104235558235.jpg,3,3
35_1_3_20170117154845502.jpg,3,4
35_1_3_20170119150744831.jpg,3,3
36_0_3_20170104220654654.jpg,3,1
36_0_3_20170116024311670.jpg,3,1
36_0_3_20170119144131781.jpg,3,1
36_0_3_20170119183044775.jpg,3,3
36_0_3_20170119191944665.jpg,3,0
36_0_3_20170119201708181.jpg,3,3
36_0_3_20170119201817029.jpg,3,3
36_0_3_20170119201943645.jpg,3,3
36_0_3_20170119202129918.jpg,3,3
36_1_3_20161220221952627.jpg,3,3
36_1_3_20170117183338262.jpg,3,4
36_1_3_20170119202144381.jpg,3,3
37_0_3_20170119153105041.jpg,3,3
37_0_3_20170119194717603.jpg,3,3
37_0_3_20170119202301349.jpg,3,3
37_0_3_20170119202413166.jpg,3,3
37_1_3_20170117183437046.jpg,3,3
38_0_3_20170117142039804.jpg,3,1
38_0_3_20170119202640517.jpg,3,3
38_1_3_20170104234724459.jpg,3,3
38_1_3_20170117165055412.jpg,3,1
39_0_3_20170113142218164.jpg,3,3
39_0_3_20170119194607251.jpg,3,3
39_1_3_20170104232838176.jpg,3,3
39_1_3_20170117184917703.jpg,3,3
3_0_3_20161219230515152.jpg,3,3
3_1_3_20161219230106056.jpg,3,3
3_1_3_20161220220619722.jpg,3,3
40_0_3_20170104165011263.jpg,3,1
40_0_3_20170117135638072.jpg,3,3
40_0_3_20170119153055608.jpg,3,3
40_0_3_20170119183720398.jpg,3,3
40_0_3_20170119204141439.jpg,3,3
40_1_3_20170117185243863.jpg,3,2
41_0_3_20170104201116162.jpg,3,3
41_0_3_20170119204228535.jpg,3,4
41_1_3_20170104235812019.jpg,3,3
42_0_3_20170113142222564.jpg,3,3
42_0_3_20170119171532128.jpg,3,3
42_0_3_20170119204446511.jpg,3,3
43_0_3_20170119171523303.jpg,3,3
43_0_3_20170119204551990.jpg,3,3
43_1_3_20170109132235319.jpg,3,3
44_0_3_20170119165428991.jpg,3,0
44_0_3_20170119184239800.jpg,3,3
44_0_3_20170119200652604.jpg,3,3
44_1_3_20170119165329470.jpg,3,3
45_0_3_20170112215026424.jpg,3,3
45_0_3_20170119144534917.jpg,3,3
45_0_3_20170119171701550.jpg,3,3
45_0_3_20170119184153479.jpg,3,3
45_0_3_20170119195659219.jpg,3,3
45_0_3_20170119201120877.jpg,3,3
45_0_3_20170119201309141.jpg,3,3
45_0_3_20170119202051271.jpg,3,3
45_0_3_20170119204138943.jpg,3,3
45_1_3_20170119171411898.jpg,3,3
46_0_3_20170104220249837.jpg,3,3
46_0_3_20170119183110614.jpg,3,3
46_0_3_20170119202242015.jpg,3,3
46_1_3_20170104183801700.jpg,3,1
47_0_3_20170116025923457.jpg,3,3
47_0_3_20170119184351798.jpg,3,3
47_0_3_20170119205127722.jpg,3,3
47_1_3_20170119202200788.jpg,3,3
48_0_3_20170105180807302.jpg,3,3
48_0_3_20170119201722708.jpg,3,3
48_0_3_20170119205407566.jpg,3,3
49_0_3_20170117130537950.jpg,3,3
49_0_3_20170119205458583.jpg,3,3
49_1_3_20170109012415373.jpg,3,3
4_0_3_20161220145148791.jpg,3,3
4_0_3_20161220222705570.jpg,3,3
4_1_3_20161219225233848.jpg,3,3
4_1_3_20161220220859874.jpg,3,3
50_0_3_20170117121752435.jpg,3,3
50_0_3_20170119194914299.jpg,3,3
50_0_3_20170119203845893.jpg,3,3
50_0_3_20170119204352551.jpg,3,3
50_0_3_20170119204714191.jpg,3,0
50_0_3_20170119205352398.jpg,3,2
50_0_3_20170119205539984.jpg,3,3
50_0_3_20170119205603287.jpg,3,3
50_1_3_20170104181430093.jpg,3,3
51_0_3_20170119205627558.jpg,3,3
51_1_3_20170104232315523.jpg,3,3
52_0_3_20170109140934624.jpg,3,3
52_0_3_20170119200407188.jpg,3,3
52_0_3_20170119205713544.jpg,3,0
53_0_3_20170117171834099.jpg,3,1
53_0_3_20170119205806352.jpg,3,0
53_0_3_20170119205914040.jpg,3,3
53_1_3_20170104234732082.jpg,3,3
54_0_3_20170117171017251.jpg,3,3
54_0_3_20170119200516380.jpg,3,3
54_0_3_20170119210006573.jpg,3,3
54_0_3_20170119210117464.jpg,3,0
54_0_3_20170119210131208.jpg,3,0
54_0_3_20170119210218868.jpg,3,3
54_0_3_20170119211332737.jpg,3,3
54_1_3_20170109140625083.jpg,3,4
55_0_3_20170117175522223.jpg,3,4
55_0_3_20170119171757096.jpg,3,3
55_0_3_20170119181138452.jpg,3,3
55_0_3_20170119200941652.jpg,3,3
55_0_3_20170119202256173.jpg,3,3
55_0_3_20170119204600605.jpg,3,3
55_0_3_20170119211435313.jpg,3,3
55_1_3_20170109141153263.jpg,3,0
55_1_3_20170119180712508.jpg,3,3
56_0_3_20170113190509801.jpg,3,3
56_0_3_20170119192954299.jpg,3,3
56_1_3_20170109141207996.jpg,3,3
57_0_3_20170119201739436.jpg,3,3
57_1_3_20170104234847956.jpg,3,1
58_0_3_20170112205533156.jpg,3,0
58_0_3_20170119211539872.jpg,3,3
58_0_3_20170119211627367.jpg,3,3
58_0_3_20170119211704736.jpg,3,3
5_0_3_20161220220613177.jpg,3,3
5_0_3_20170119212110570.jpg,3,3
5_1_3_20161219225746112.jpg,3,3
5_1_3_20170119151512160.jpg,3,4
60_0_3_20170117135043467.jpg,3,0
60_0_3_20170119203928983.jpg,3,3
60_0_3_20170119205525232.jpg,3,3
60_0_3_20170119205949319.jpg,3,1
60_1_3_20170109142555460.jpg,3,3
61_0_3_20170117174814245.jpg,3,3
61_0_3_20170119211851089.jpg,3,3
61_1_3_20170119211903336.jpg,3,3
62_0_3_20170105180620366.jpg,3,0
63_0_3_20170119205921327.jpg,3,3
65_0_3_20170109143021566.jpg,3,3
65_0_3_20170119203936910.jpg,3,3
65_1_3_20170109141910621.jpg,3,3
66_0_3_20170119160336443.jpg,3,3
67_0_3_20170119212008184.jpg,3,3
68_0_3_20170119184302094.jpg,3,3
69_1_3_20170109150308256.jpg,3,3
6_1_3_20161220222516643.jpg,3,3
6_1_3_20170104222423463.jpg,3,3
70_0_3_20170119205722199.jpg,3,3
73_0_3_20170119212056296.jpg,3,3
73_1_3_20170109142947277.jpg,3,3
75_0_3_20170119204101959.jpg,3,1
7_1_3_20161220222902435.jpg,3,0
85_1_3_20170110183946188.jpg,3,3
8_0_3_20161220222825331.jpg,3,3
8_1_3_20161220222535466.jpg,3,3
8_1_3_20170104222431175.jpg,3,2
10_1_4_20161223225900460.jpg,4,1
11_0_4_20170103200621488.jpg,4,0
12_1_4_20170103200804119.jpg,4,4
13_1_4_20170117200640357.jpg,4,2
14_0_4_20170113145202254.jpg,4,1
15_1_4_20170103222927064.jpg,4,0
15_1_4_20170104005847968.jpg,4,4
16_0_4_20170103201427977.jpg,4,4
16_1_4_20170103233406635.jpg,4,0
17_0_4_20170103234633420.jpg,4,0
17_1_4_20170103222931966.jpg,4,3
18_1_4_20161223230852802.jpg,4,0
18_1_4_20170116211941006.jpg,4,4
19_0_4_20170117193404789.jpg,4,4
19_1_4_20170103234123155.jpg,4,4
1_0_4_20161221192548675.jpg,4,2
1_0_4_20161221193434166.jpg,4,4
1_0_4_20161221195129503.jpg,4,4
1_0_4_20161221201454961.jpg,4,4
1_0_4_20161221202206568.jpg,4,4
1_0_4_20170103202331712.jpg,4,2
1_0_4_20170103210037042.jpg,4,3
1_1_4_20161221192629892.jpg,4,0
1_1_4_20161221193743543.jpg,4,4
1_1_4_20161221200103831.jpg,4,2
1_1_4_20161221201852145.jpg,4,0
1_1_4_20161221202124857.jpg,4,4
1_1_4_20170103205129266.jpg,4,2
20_0_4_20170117193505639.jpg,4,0
20_1_4_20170103223123528.jpg,4,3
20_1_4_20170103230550945.jpg,4,4
21_0_4_20161223214826657.jpg,4,0
21_0_4_20161223214837442.jpg,4,3
21_1_4_20161221193306453.jpg,4,0
21_1_4_20170103223244111.jpg,4,2
21_1_4_20170103225212711.jpg,4,3
21_1_4_20170117193754349.jpg,4,4
22_0_4_20170103210108168.jpg,4,1
22_1_4_20170103223356448.jpg,4,4
22_1_4_20170103225813392.jpg,4,1
22_1_4_20170112233752904.jpg,4,4
23_0_4_20170103180302079.jpg,4,0
23_0_4_20170117194102020.jpg,4,2
23_1_4_20161223230013995.jpg,4,0
23_1_4_20170103223903439.jpg,4,0
23_1_4_20170117183858768.jpg,4,3
23_1_4_20170117194317100.jpg,4,3
24_0_4_20170116232936514.jpg,4,0
24_0_4_20170117145915428.jpg,4,4
24_1_4_20170103223727135.jpg,4,4
24_1_4_20170103224804680.jpg,4,1
24_1_4_20170103233810029.jpg,4,0
24_1_4_20170115235433094.jpg,4,1
24_1_4_20170117150618462.jpg,4,3
24_1_4_20170117194821716.jpg,4,4
24_1_4_20170120133956991.jpg,4,1
25_0_4_20170103235145124.jpg,4,1
25_0_4_20170117151414412.jpg,4,4
25_1_4_20170103223138663.jpg,4,0
25_1_4_20170103233749355.jpg,4,3
25_1_4_20170117193933452.jpg,4,0
26_0_4_20170103224832945.jpg,4,3
26_0_4_20170103235429853.jpg,4,0
26_0_4_20170105163503003.jpg,4,3
26_0_4_20170117152521052.jpg,4,0
26_0_4_20170117153320853.jpg,4,3
26_0_4_20170117195406973.jpg,4,4
26_0_4_20170117195754045.jpg,4,0
26_0_4_20170117200431437.jpg,4,0
26_1_4_20170103214211386.jpg,4,0
26_1_4_20170103225817689.jpg,4,0
26_1_4_20170116154322277.jpg,4,1
26_1_4_20170117153702405.jpg,4,4
26_1_4_20170117154442702.jpg,4,3
26_1_4_20170117174327119.jpg,4,4
26_1_4_20170117200211019.jpg,4,4
26_1_4_20170117201457622.jpg,4,0
26_1_4_20170117201650134.jpg,4,0
27_0_4_20170103235409988.jpg,4,0
27_0_4_20170117010740316.jpg,4,0
27_0_4_20170117202219111.jpg,4,4
27_1_4_20170103183838762.jpg,4,0
27_1_4_20170112234325680.jpg,4,0
28_0_4_20170105162459467.jpg,4,0
28_0_4_20170116183505479.jpg,4,0
28_0_4_20170117202324814.jpg,4,1
28_1_4_20170103225940625.jpg,4,0
28_1_4_20170117143635625.jpg,4,3
28_1_4_20170117202552000.jpg,4,0
29_0_4_20170103235840396.jpg,4,0
29_0_4_20170117180914972.jpg,4,0
29_1_4_20170103230141555.jpg,4,3
29_1_4_20170117202752934.jpg,4,0
2_0_4_20161221192651909.jpg,4,4
2_0_4_20161221202147913.jpg,4,4
2_0_4_20161221203017368.jpg,4,0
2_0_4_20170103210928251.jpg,4,0
2_1_4_20161221192715844.jpg,4,4
2_1_4_20161221195222927.jpg,4,0
2_1_4_20161221201820529.jpg,4,0
2_1_4_20161221202428169.jpg,4,1
2_1_4_20170103205101618.jpg,4,2
2_1_4_20170103212103556.jpg,4,0
30_0_4_20170104201527594.jpg,4,0
30_0_4_20170117200730006.jpg,4,4
30_1_4_20170109135421119.jpg,4,0
30_1_4_20170117203006317.jpg,4,0
31_0_4_20170105161451773.jpg,4,3
31_1_4_20170103230248753.jpg,4,4
31_1_4_20170117203039631.jpg,4,0
32_0_4_20170103235510730.jpg,4,3
32_0_4_20170116220621484.jpg,4,0
32_1_4_20170103230317985.jpg,4,3
32_1_4_20170117203112816.jpg,4,4
33_0_4_20170116220014045.jpg,4,1
34_0_4_20170117105033191.jpg,4,1
34_1_4_20170103230336761.jpg,4,0
35_0_4_20170104165959561.jpg,4,3
35_0_4_20170117130521027.jpg,4,0
35_0_4_20170117171324867.jpg,4,3
35_0_4_20170117204532088.jpg,4,0
35_1_4_20170117194818924.jpg,4,0
35_1_4_20170117203423144.jpg,4,0
36_0_4_20170117203436206.jpg,4,0
36_1_4_20170105164808838.jpg,4,3
37_0_4_20170117140108503.jpg,4,0
37_1_4_20170117203627007.jpg,4,0
38_0_4_20170117151031427.jpg,4,3
38_1_4_20170117203733760.jpg,4,0
39_1_4_20170117203758344.jpg,4,0
3_0_4_20170103210604324.jpg,4,2
3_1_4_20161221192845405.jpg,4,3
3_1_4_20161223231741788.jpg,4,4
40_0_4_20170103235124292.jpg,4,0
40_0_4_20170116213431880.jpg,4,3
41_0_4_20170104185252334.jpg,4,0
42_0_4_20170104202505130.jpg,4,3
42_1_4_20170109002558079.jpg,4,4
43_0_4_20170117204014422.jpg,4,2
44_1_4_20170116235150272.jpg,4,0
45_0_4_20170108230309811.jpg,4,3
45_0_4_20170117204242833.jpg,4,1
47_0_4_20170103230236105.jpg,4,3
48_0_4_20170104211950852.jpg,4,0
49_1_4_20170104235649484.jpg,4,1
4_1_4_20161221193328366.jpg,4,0
4_1_4_20161221201935361.jpg,4,3
4_1_4_20170103205256107.jpg,4,1
50_0_4_20170104210650526.jpg,4,0
52_0_4_20170103183610052.jpg,4,3
53_0_4_20170117204252600.jpg,4,0
55_0_4_20170117204624770.jpg,4,0
55_1_4_20170117203853447.jpg,4,0
58_0_4_20170117204717713.jpg,4,0
5_0_4_20170103224719055.jpg,4,1
5_1_4_20161219185942044.jpg,4,2
5_1_4_20170103210023178.jpg,4,1
66_0_4_20170104185439302.jpg,4,0
6_1_4_20161223232203348.jpg,4,4
6_1_4_20170117193419676.jpg,4,0
7_1_4_20161224001014334.jpg,4,4
8_1_4_20161223230045701.jpg,4,2
8_1_4_20170109201742209.jpg,4,0
9_0_4_20170110225238472.jpg,4,3
